-- phpMyAdmin SQL Dump
-- version 4.8.1
-- https://www.phpmyadmin.net/
--
-- Host: 127.0.0.1
-- Generation Time: Sep 14, 2018 at 09:42 AM
-- Server version: 10.1.33-MariaDB
-- PHP Version: 7.2.6

SET SQL_MODE = "NO_AUTO_VALUE_ON_ZERO";
SET AUTOCOMMIT = 0;
START TRANSACTION;
SET time_zone = "+00:00";


/*!40101 SET @OLD_CHARACTER_SET_CLIENT=@@CHARACTER_SET_CLIENT */;
/*!40101 SET @OLD_CHARACTER_SET_RESULTS=@@CHARACTER_SET_RESULTS */;
/*!40101 SET @OLD_COLLATION_CONNECTION=@@COLLATION_CONNECTION */;
/*!40101 SET NAMES utf8mb4 */;

--
-- Database: `agsl`
--

DELIMITER $$
--
-- Procedures
--
CREATE DEFINER=`root`@`localhost` PROCEDURE `Firstprocedure` ()  NO SQL
SELECT *
FROM viewsarestupid$$

CREATE DEFINER=`root`@`localhost` PROCEDURE `FrameworksMakeProceduresRedundent` ()  NO SQL
SELECT *
FROM viewsarestupid2$$

CREATE DEFINER=`root`@`localhost` PROCEDURE `galleryProcedure` ()  NO SQL
SELECT *
FROM lastview$$

DELIMITER ;

-- --------------------------------------------------------

--
-- Table structure for table `about_img`
--

CREATE TABLE `about_img` (
  `id` int(10) UNSIGNED NOT NULL,
  `url` varchar(191) COLLATE utf8mb4_unicode_ci NOT NULL,
  `created_at` timestamp NULL DEFAULT CURRENT_TIMESTAMP,
  `updated_at` timestamp NULL DEFAULT CURRENT_TIMESTAMP
) ENGINE=InnoDB DEFAULT CHARSET=utf8mb4 COLLATE=utf8mb4_unicode_ci;

--
-- Dumping data for table `about_img`
--

INSERT INTO `about_img` (`id`, `url`, `created_at`, `updated_at`) VALUES
(1, 'about1.png', '2018-09-14 04:24:17', '2018-09-14 04:24:17'),
(2, 'about2.jpg', '2018-09-14 04:24:17', '2018-09-14 04:24:17');

-- --------------------------------------------------------

--
-- Table structure for table `catagories`
--

CREATE TABLE `catagories` (
  `id` int(10) UNSIGNED NOT NULL,
  `catagory` varchar(191) COLLATE utf8mb4_unicode_ci NOT NULL,
  `p_id` int(11) DEFAULT NULL,
  `URL` varchar(45) COLLATE utf8mb4_unicode_ci DEFAULT NULL,
  `level` int(11) NOT NULL DEFAULT '1',
  `created_at` timestamp NULL DEFAULT CURRENT_TIMESTAMP,
  `updated_at` timestamp NULL DEFAULT CURRENT_TIMESTAMP
) ENGINE=InnoDB DEFAULT CHARSET=utf8mb4 COLLATE=utf8mb4_unicode_ci;

--
-- Dumping data for table `catagories`
--

INSERT INTO `catagories` (`id`, `catagory`, `p_id`, `URL`, `level`, `created_at`, `updated_at`) VALUES
(1, 'Underground white LED strip lighting', NULL, 'cat1.jpg', 1, '2018-09-09 17:49:00', '2018-09-09 17:49:00'),
(2, 'Safety system colored LED strip lighting', NULL, 'cat3.jpg', 1, '2018-09-09 17:49:00', '2018-09-09 17:49:00'),
(3, 'CUSTOM LED STRIP LIGHTING SOLUTIONS', NULL, 'cat2.jpg', 1, '2018-09-09 17:49:00', '2018-09-09 17:49:00'),
(4, 'Portable LED work lighting', NULL, 'cat4.png', 1, '2018-09-09 17:49:00', '2018-09-09 17:49:00'),
(5, 'Work area LED lighting', NULL, NULL, 1, '2018-09-09 17:49:00', '2018-09-09 17:49:00'),
(6, 'PVC Casing', 1, NULL, 2, '2018-09-09 17:52:49', '2018-09-09 17:52:49'),
(7, 'Silicon Casing', 1, NULL, 2, '2018-09-09 17:52:49', '2018-09-09 17:52:49'),
(8, 'Strip Lighting Accessories', 1, NULL, 2, '2018-09-09 17:52:49', '2018-09-09 17:52:49'),
(12, 'PVC Casing', 2, NULL, 2, '2018-09-09 17:54:41', '2018-09-09 17:54:41'),
(13, 'Silicon Casing', 2, NULL, 2, '2018-09-09 17:54:41', '2018-09-09 17:54:41'),
(14, 'Open Pit Mine', 3, NULL, 2, '2018-09-09 17:55:49', '2018-09-09 17:55:49'),
(15, 'Refuge Station Directional Solution', 3, NULL, 2, '2018-09-09 17:55:49', '2018-09-09 17:55:49'),
(16, 'Underground Junction Movement Control Solution', 3, NULL, 2, '2018-09-09 17:55:49', '2018-09-09 17:55:49'),
(17, 'Flashlights and Cap Lamps', 4, NULL, 2, '2018-09-09 17:56:47', '2018-09-09 17:56:47'),
(18, 'Emergency Services Roll-Out Strip Lights', 4, NULL, 2, '2018-09-09 17:56:47', '2018-09-09 17:56:47'),
(19, 'Construction Temporary Roll-Out Lights', 4, NULL, 2, '2018-09-09 17:56:47', '2018-09-09 17:56:47'),
(20, 'Globe Strip', 5, NULL, 2, '2018-09-09 17:57:38', '2018-09-09 17:57:38'),
(21, 'ExJ series Hazardous Area Lights', 5, NULL, 2, '2018-09-09 17:57:38', '2018-09-09 17:57:38'),
(22, 'Standard Range 36v DC', 6, NULL, 3, '2018-09-09 18:00:50', '2018-09-09 18:00:50'),
(23, 'Standard Range 24v DC', 6, NULL, 3, '2018-09-09 18:00:50', '2018-09-09 18:00:50'),
(24, 'Standard Range 12v DC', 6, NULL, 3, '2018-09-09 18:00:50', '2018-09-09 18:00:50'),
(25, 'Standard Range 220v AC High Voltage', 6, NULL, 3, '2018-09-09 18:00:50', '2018-09-09 18:00:50'),
(26, 'Standard Range 110v AC High Voltage', 6, NULL, 3, '2018-09-09 18:00:50', '2018-09-09 18:00:50'),
(27, 'Long Range 36v DC', 6, NULL, 3, '2018-09-09 18:00:50', '2018-09-09 18:00:50'),
(28, 'Long Range 24v DC', 6, NULL, 3, '2018-09-09 18:00:50', '2018-09-09 18:00:50'),
(29, 'Long Range 36v AC', 6, NULL, 3, '2018-09-09 18:00:50', '2018-09-09 18:00:50'),
(30, 'Long Range 24v AC', 6, NULL, 3, '2018-09-09 18:00:50', '2018-09-09 18:00:50'),
(31, 'Long Range 12v AC', 6, NULL, 3, '2018-09-09 18:00:50', '2018-09-09 18:00:50'),
(32, 'Long Range 36v DC', 7, NULL, 3, '2018-09-09 18:03:17', '2018-09-09 18:03:17'),
(33, 'Long Range 24v DC', 7, NULL, 3, '2018-09-09 18:03:17', '2018-09-09 18:03:17'),
(34, 'Long Range 12v DC', 7, NULL, 3, '2018-09-09 18:03:17', '2018-09-09 18:03:17'),
(35, 'Long Range 36v AC', 7, NULL, 3, '2018-09-09 18:03:17', '2018-09-09 18:03:17'),
(36, 'Long Range 24v AC', 7, NULL, 3, '2018-09-09 18:03:17', '2018-09-09 18:03:17'),
(37, 'Standard Range 36v DC', 12, NULL, 3, '2018-09-09 18:08:06', '2018-09-09 18:08:06'),
(38, 'Standard Range 24v DC', 12, NULL, 3, '2018-09-09 18:08:06', '2018-09-09 18:08:06'),
(39, 'Standard Range 12v DC', 12, NULL, 3, '2018-09-09 18:08:06', '2018-09-09 18:08:06'),
(40, 'Standard Range 24v DC Directional chasing', 12, NULL, 3, '2018-09-09 18:08:06', '2018-09-09 18:08:06'),
(41, 'Standard Range 220v AC High Voltage', 12, NULL, 3, '2018-09-09 18:08:06', '2018-09-09 18:08:06'),
(42, 'Long Range 36v DC', 12, NULL, 3, '2018-09-09 18:08:06', '2018-09-09 18:08:06'),
(43, 'Long Range 24v DC', 12, NULL, 3, '2018-09-09 18:08:06', '2018-09-09 18:08:06'),
(44, 'Long Range 12v DC', 12, NULL, 3, '2018-09-09 18:08:06', '2018-09-09 18:08:06'),
(45, 'Long Range 36v AC', 12, NULL, 3, '2018-09-09 18:08:06', '2018-09-09 18:08:06'),
(46, 'Long Range 24v AC', 12, NULL, 3, '2018-09-09 18:08:06', '2018-09-09 18:08:06'),
(47, 'Long Range 36v DC', 13, NULL, 3, '2018-09-09 18:09:42', '2018-09-09 18:09:42'),
(48, 'Long Range 24v DC', 13, NULL, 3, '2018-09-09 18:09:42', '2018-09-09 18:09:42'),
(49, 'Long Range 24v DC Directional chasing', 13, NULL, 3, '2018-09-09 18:09:42', '2018-09-09 18:09:42'),
(50, 'Long Range 12v DC', 13, NULL, 3, '2018-09-09 18:09:42', '2018-09-09 18:09:42'),
(51, 'Long Range 36v AC', 13, NULL, 3, '2018-09-09 18:09:42', '2018-09-09 18:09:42'),
(52, 'Long Range 24v AC', 13, NULL, 3, '2018-09-09 18:09:42', '2018-09-09 18:09:42');

-- --------------------------------------------------------

--
-- Table structure for table `certificates`
--

CREATE TABLE `certificates` (
  `id` int(10) UNSIGNED NOT NULL,
  `name` varchar(191) COLLATE utf8mb4_unicode_ci NOT NULL,
  `url` varchar(191) COLLATE utf8mb4_unicode_ci NOT NULL,
  `created_at` timestamp NULL DEFAULT NULL,
  `updated_at` timestamp NULL DEFAULT NULL
) ENGINE=InnoDB DEFAULT CHARSET=utf8mb4 COLLATE=utf8mb4_unicode_ci;

--
-- Dumping data for table `certificates`
--

INSERT INTO `certificates` (`id`, `name`, `url`, `created_at`, `updated_at`) VALUES
(1, 'AOV UV Resistance Test Report PVC', 'AOV UV Resistance Test Report PVC (002).pdf', NULL, NULL),
(2, 'Clear in house declaration of conformity to EU RoHS standard', 'Clear in house declaration of conformity to EU RoHS standard.pdf', NULL, NULL),
(3, 'Clear in house declaration of conformity to Photobiological safety standard', 'Clear in house declaration of conformity to Photobiological safety standard EN62471.pdf', NULL, NULL),
(4, 'Emtek x-Glo 72-110v Electromagnetic Test Report', 'Emtek x-Glo 72-110v Electromagnetic Test Report to EN62493.pdf', NULL, NULL),
(5, 'Emtek x-Glo 72-110v EMC Certificate of Conformity', 'Emtek x-Glo 72-110v EMC Certificate of Conformity.pdf', NULL, NULL),
(6, 'Emtek x-Glo 72-110v EMC Test Report', 'Emtek x-Glo 72-110v EMC Test Report.pdf', NULL, NULL),
(7, 'Emtek x-Glo 72-110v Luminaires Test Report', 'Emtek x-Glo 72-110v Luminaires Test Report to EN60598-2-21.pdf', NULL, NULL),
(8, 'Emtek x-Glo 72-110v LVD Certificate of Conformity', 'Emtek x-Glo 72-110v LVD Certificate of Conformity to EN60598.pdf', NULL, NULL),
(9, 'Emtek x-Glo 72-110v LVD Certificate of Conformity', 'Emtek x-Glo 72-110v LVD Certificate of Conformity to EN62493.pdf', NULL, NULL),
(10, 'Emtek x-Glo 72-110v Photobiological Test Report', 'Emtek x-Glo 72-110v Photobiological Test Report to EN62471.pdf', NULL, NULL),
(11, 'Emtek x-Glo Low Voltage EMC Certification', 'Emtek x-Glo Low Voltage EMC Certification.pdf', NULL, NULL),
(12, 'Emtek x-Glo Low Voltage LVD Certification', 'Emtek x-Glo Low Voltage LVD Certification.pdf', NULL, NULL),
(13, 'Emtek x-Glo Low Voltage Photobiological Test report', 'Emtek x-Glo Low Voltage Photobiological Test report.pdf', NULL, NULL),
(14, 'Everfine x-Glo-12-36v Photometric Test Report', 'Everfine x-Glo-12-36v Photometric Test Report.pdf', NULL, NULL),
(15, 'Everfine x-Glo-18-36v Photometric Test Report', 'Everfine x-Glo-18-36v Photometric Test Report.pdf', NULL, NULL),
(16, 'Everfine x-Glo-24-36v Photometric Test Report', 'Everfine x-Glo-24-36v Photometric Test Report.pdf', NULL, NULL),
(17, 'Everfine x-Glo-30-36v Photomeric Test Report', 'Everfine x-Glo-30-36v Photomeric Test Report.pdf', NULL, NULL),
(18, 'Everfine x-Glo-36-36v Photometric Test Report', 'Everfine x-Glo-36-36v Photometric Test Report.pdf', NULL, NULL),
(19, 'Everfine x-Glo-36-220v Photometric Test Report', 'Everfine x-Glo-36-220v Photometric Test Report.pdf', NULL, NULL),
(20, 'Everfine x-Glo-60-24v Photometric Test Report', 'Everfine x-Glo-60-24v Photometric Test Report.pdf', NULL, NULL),
(21, 'Everfine x-Glo-60-36v Photometric Test Report', 'Everfine x-Glo-60-36v Photometric Test Report.pdf', NULL, NULL),
(22, 'Everfine x-Glo-72-12v Photometric Test Report', 'Everfine x-Glo-72-12v Photometric Test Report.pdf', NULL, NULL),
(23, 'Everfine x-Glo-72-110V Photometric Test Report', 'Everfine x-Glo-72-110V Photometric Test Report.pdf', NULL, NULL),
(24, 'Everfine x-Glo-72-220V Photometric Test Report', 'Everfine x-Glo-72-220V Photometric Test Report.pdf', NULL, NULL),
(25, 'Everfine x-Glo-60-36V Photometric Test Report', 'Everfine x-Glo-60-36v Photometric Test Report.pdf', NULL, NULL),
(26, 'ISO9001-2008(2016)-Clear Lighting', 'ISO9001-2008(2016)-Clear Lighting.pdf', NULL, NULL),
(27, 'SGS EMC Compliance Certification to Standards', 'SGS EMC Compliance Certification to Standards.pdf', NULL, NULL),
(28, 'SGS IPx5 Test Report - Molding Type Connector', 'SGS IPx5 Test Report - Molding Type Connector.PDF', NULL, NULL),
(29, 'SGS IPx8 Test Report - Snap Type Connector', 'SGS IPx8 Test Report - Snap Type Connector.pdf', NULL, NULL),
(30, 'SGS RoHS Enviromental Certification', 'SGS RoHS Enviromental Certification.pdf', NULL, NULL),
(31, 'TUV Flame Retardence report', 'TUV Flame Retardence report.pdf', NULL, NULL),
(32, 'UL Certificate of Compliance 120vAC', 'UL Certificate of Compliance 2016.05.31 120vAC.pdf', NULL, NULL),
(33, 'UL Certificate of Compliance 36vDC', 'UL Certificate of Compliance 2018.03.12 36vDC.pdf', NULL, NULL),
(34, 'UL Certificate of Compliance 12vDC & 24vDC.pdf', 'UL Certificate of Compliance 2016.02.15 12vDC 24vDC.pdf', NULL, NULL);

-- --------------------------------------------------------

--
-- Table structure for table `gallery`
--

CREATE TABLE `gallery` (
  `id` int(10) UNSIGNED NOT NULL,
  `url` varchar(191) COLLATE utf8mb4_unicode_ci NOT NULL,
  `thumburl` varchar(191) COLLATE utf8mb4_unicode_ci NOT NULL,
  `created_at` timestamp NULL DEFAULT CURRENT_TIMESTAMP,
  `updated_at` timestamp NULL DEFAULT CURRENT_TIMESTAMP
) ENGINE=InnoDB DEFAULT CHARSET=utf8mb4 COLLATE=utf8mb4_unicode_ci;

--
-- Dumping data for table `gallery`
--

INSERT INTO `gallery` (`id`, `url`, `thumburl`, `created_at`, `updated_at`) VALUES
(1, 'gal1.jpg', 'galthumb1.jpg', '2018-09-14 05:04:18', '2018-09-14 05:04:18'),
(2, 'gal2.jpg', 'galthumb2.jpg', '2018-09-14 05:04:18', '2018-09-14 05:04:18'),
(3, 'gal3.jpg', 'galthumb3.jpg', '2018-09-14 05:04:18', '2018-09-14 05:04:18'),
(4, 'gal4.jpg', 'galthumb4.jpg', '2018-09-14 05:04:18', '2018-09-14 05:04:18'),
(5, 'gal5.jpg', 'galthumb5.jpg', '2018-09-14 05:04:18', '2018-09-14 05:04:18'),
(6, 'gal6.jpg', 'galthumb6.jpg', '2018-09-14 05:04:18', '2018-09-14 05:04:18'),
(7, 'gal7.jpg', 'galthumb7.jpg', '2018-09-14 05:04:18', '2018-09-14 05:04:18'),
(8, 'gal8.jpg', 'galthumb8.jpg', '2018-09-14 05:04:18', '2018-09-14 05:04:18'),
(9, 'gal9.jpg', 'galthumb9.jpg', '2018-09-14 05:04:18', '2018-09-14 05:04:18');

-- --------------------------------------------------------

--
-- Stand-in structure for view `lastview`
-- (See below for the actual view)
--
CREATE TABLE `lastview` (
`id` int(10) unsigned
,`url` varchar(191)
,`thumburl` varchar(191)
,`created_at` timestamp
,`updated_at` timestamp
);

-- --------------------------------------------------------

--
-- Table structure for table `linker`
--

CREATE TABLE `linker` (
  `id` int(10) UNSIGNED NOT NULL,
  `catagories_id` int(11) NOT NULL,
  `products_id` int(11) NOT NULL,
  `created_at` timestamp NULL DEFAULT CURRENT_TIMESTAMP,
  `updated_at` timestamp NULL DEFAULT CURRENT_TIMESTAMP
) ENGINE=InnoDB DEFAULT CHARSET=utf8mb4 COLLATE=utf8mb4_unicode_ci;

--
-- Dumping data for table `linker`
--

INSERT INTO `linker` (`id`, `catagories_id`, `products_id`, `created_at`, `updated_at`) VALUES
(1, 1, 1, '2018-09-13 20:49:56', '2018-09-13 20:49:56'),
(2, 1, 2, '2018-09-13 20:49:56', '2018-09-13 20:49:56'),
(3, 1, 3, '2018-09-13 20:49:56', '2018-09-13 20:49:56'),
(4, 1, 4, '2018-09-13 20:49:56', '2018-09-13 20:49:56'),
(5, 1, 5, '2018-09-13 20:49:56', '2018-09-13 20:49:56'),
(6, 1, 6, '2018-09-13 20:49:56', '2018-09-13 20:49:56'),
(7, 1, 9, '2018-09-13 20:49:56', '2018-09-13 20:49:56'),
(8, 1, 12, '2018-09-13 20:49:56', '2018-09-13 20:49:56'),
(9, 1, 13, '2018-09-13 20:49:56', '2018-09-13 20:49:56'),
(10, 1, 14, '2018-09-13 20:49:56', '2018-09-13 20:49:56'),
(11, 1, 15, '2018-09-13 20:49:56', '2018-09-13 20:49:56'),
(12, 1, 16, '2018-09-13 20:49:56', '2018-09-13 20:49:56'),
(13, 1, 19, '2018-09-13 20:49:56', '2018-09-13 20:49:56'),
(14, 1, 20, '2018-09-13 20:49:56', '2018-09-13 20:49:56'),
(15, 1, 21, '2018-09-13 20:49:56', '2018-09-13 20:49:56'),
(16, 1, 22, '2018-09-13 20:49:56', '2018-09-13 20:49:56'),
(17, 1, 41, '2018-09-13 20:49:56', '2018-09-13 20:49:56'),
(18, 1, 42, '2018-09-13 20:49:56', '2018-09-13 20:49:56'),
(19, 1, 43, '2018-09-13 20:49:56', '2018-09-13 20:49:56'),
(20, 1, 44, '2018-09-13 20:49:56', '2018-09-13 20:49:56'),
(21, 1, 45, '2018-09-13 20:49:56', '2018-09-13 20:49:56'),
(22, 1, 46, '2018-09-13 20:49:56', '2018-09-13 20:49:56'),
(23, 1, 29, '2018-09-13 20:49:56', '2018-09-13 20:49:56'),
(24, 1, 30, '2018-09-13 20:49:56', '2018-09-13 20:49:56'),
(25, 1, 31, '2018-09-13 20:49:56', '2018-09-13 20:49:56'),
(26, 1, 32, '2018-09-13 20:49:56', '2018-09-13 20:49:56'),
(27, 1, 33, '2018-09-13 20:49:56', '2018-09-13 20:49:56'),
(28, 1, 34, '2018-09-13 20:49:56', '2018-09-13 20:49:56'),
(29, 1, 35, '2018-09-13 20:49:56', '2018-09-13 20:49:56'),
(30, 1, 36, '2018-09-13 20:49:56', '2018-09-13 20:49:56'),
(31, 1, 37, '2018-09-13 20:49:56', '2018-09-13 20:49:56'),
(32, 1, 28, '2018-09-13 20:49:56', '2018-09-13 20:49:56'),
(33, 1, 29, '2018-09-13 20:49:56', '2018-09-13 20:49:56'),
(34, 1, 40, '2018-09-13 20:49:56', '2018-09-13 20:49:56'),
(35, 1, 23, '2018-09-13 20:49:56', '2018-09-13 20:49:56'),
(36, 1, 24, '2018-09-13 20:49:56', '2018-09-13 20:49:56'),
(37, 1, 25, '2018-09-13 20:49:56', '2018-09-13 20:49:56'),
(38, 1, 26, '2018-09-13 20:49:56', '2018-09-13 20:49:56'),
(39, 1, 27, '2018-09-13 20:49:56', '2018-09-13 20:49:56'),
(40, 1, 28, '2018-09-13 20:49:56', '2018-09-13 20:49:56'),
(41, 1, 65, '2018-09-13 20:49:56', '2018-09-13 20:49:56'),
(42, 1, 66, '2018-09-13 20:49:56', '2018-09-13 20:49:56'),
(43, 1, 67, '2018-09-13 20:49:56', '2018-09-13 20:49:56'),
(44, 1, 68, '2018-09-13 20:49:56', '2018-09-13 20:49:56'),
(45, 1, 69, '2018-09-13 20:49:56', '2018-09-13 20:49:56'),
(46, 1, 70, '2018-09-13 20:49:56', '2018-09-13 20:49:56'),
(47, 1, 53, '2018-09-13 20:49:56', '2018-09-13 20:49:56'),
(48, 1, 54, '2018-09-13 20:49:56', '2018-09-13 20:49:56'),
(49, 1, 55, '2018-09-13 20:49:56', '2018-09-13 20:49:56'),
(50, 1, 56, '2018-09-13 20:49:56', '2018-09-13 20:49:56'),
(51, 1, 57, '2018-09-13 20:49:56', '2018-09-13 20:49:56'),
(52, 1, 58, '2018-09-13 20:49:56', '2018-09-13 20:49:56'),
(53, 1, 59, '2018-09-13 20:49:56', '2018-09-13 20:49:56'),
(54, 1, 60, '2018-09-13 20:49:56', '2018-09-13 20:49:56'),
(55, 1, 61, '2018-09-13 20:49:56', '2018-09-13 20:49:56'),
(56, 1, 62, '2018-09-13 20:49:56', '2018-09-13 20:49:56'),
(57, 1, 63, '2018-09-13 20:49:56', '2018-09-13 20:49:56'),
(58, 1, 64, '2018-09-13 20:49:56', '2018-09-13 20:49:56'),
(59, 1, 47, '2018-09-13 20:49:56', '2018-09-13 20:49:56'),
(60, 1, 48, '2018-09-13 20:49:56', '2018-09-13 20:49:56'),
(61, 1, 49, '2018-09-13 20:49:56', '2018-09-13 20:49:56'),
(62, 1, 50, '2018-09-13 20:49:56', '2018-09-13 20:49:56'),
(63, 1, 51, '2018-09-13 20:49:56', '2018-09-13 20:49:56'),
(64, 1, 52, '2018-09-13 20:49:56', '2018-09-13 20:49:56'),
(65, 1, 71, '2018-09-13 20:49:56', '2018-09-13 20:49:56'),
(66, 1, 72, '2018-09-13 20:49:56', '2018-09-13 20:49:56'),
(67, 1, 73, '2018-09-13 20:49:56', '2018-09-13 20:49:56'),
(68, 1, 74, '2018-09-13 20:49:56', '2018-09-13 20:49:56'),
(69, 1, 75, '2018-09-13 20:49:56', '2018-09-13 20:49:56'),
(70, 1, 76, '2018-09-13 20:49:56', '2018-09-13 20:49:56'),
(71, 1, 77, '2018-09-13 20:49:56', '2018-09-13 20:49:56'),
(72, 1, 78, '2018-09-13 20:49:56', '2018-09-13 20:49:56'),
(73, 1, 79, '2018-09-13 20:49:56', '2018-09-13 20:49:56'),
(74, 1, 80, '2018-09-13 20:49:56', '2018-09-13 20:49:56'),
(75, 1, 81, '2018-09-13 20:49:56', '2018-09-13 20:49:56'),
(76, 1, 82, '2018-09-13 20:49:56', '2018-09-13 20:49:56'),
(77, 1, 83, '2018-09-13 20:49:56', '2018-09-13 20:49:56'),
(78, 1, 84, '2018-09-13 20:49:56', '2018-09-13 20:49:56'),
(79, 1, 85, '2018-09-13 20:49:56', '2018-09-13 20:49:56'),
(80, 1, 86, '2018-09-13 20:49:56', '2018-09-13 20:49:56'),
(81, 1, 87, '2018-09-13 20:49:56', '2018-09-13 20:49:56'),
(82, 1, 88, '2018-09-13 20:49:56', '2018-09-13 20:49:56'),
(83, 1, 89, '2018-09-13 20:49:56', '2018-09-13 20:49:56'),
(84, 1, 90, '2018-09-13 20:49:56', '2018-09-13 20:49:56'),
(85, 1, 91, '2018-09-13 20:49:56', '2018-09-13 20:49:56'),
(86, 1, 92, '2018-09-13 20:49:56', '2018-09-13 20:49:56'),
(87, 1, 93, '2018-09-13 20:49:56', '2018-09-13 20:49:56'),
(88, 1, 94, '2018-09-13 20:49:56', '2018-09-13 20:49:56'),
(89, 1, 95, '2018-09-13 20:49:56', '2018-09-13 20:49:56'),
(90, 1, 96, '2018-09-13 20:49:56', '2018-09-13 20:49:56'),
(91, 1, 97, '2018-09-13 20:49:56', '2018-09-13 20:49:56'),
(92, 1, 98, '2018-09-13 20:49:56', '2018-09-13 20:49:56'),
(93, 1, 99, '2018-09-13 20:49:56', '2018-09-13 20:49:56'),
(94, 1, 100, '2018-09-13 20:49:56', '2018-09-13 20:49:56'),
(95, 1, 101, '2018-09-13 20:49:56', '2018-09-13 20:49:56'),
(96, 1, 102, '2018-09-13 20:49:56', '2018-09-13 20:49:56'),
(97, 1, 103, '2018-09-13 20:49:56', '2018-09-13 20:49:56'),
(98, 1, 104, '2018-09-13 20:49:56', '2018-09-13 20:49:56'),
(99, 1, 105, '2018-09-13 20:49:56', '2018-09-13 20:49:56'),
(100, 1, 106, '2018-09-13 20:49:56', '2018-09-13 20:49:56'),
(101, 1, 107, '2018-09-13 20:49:56', '2018-09-13 20:49:56'),
(102, 1, 108, '2018-09-13 20:49:56', '2018-09-13 20:49:56'),
(103, 1, 109, '2018-09-13 20:49:56', '2018-09-13 20:49:56'),
(104, 1, 110, '2018-09-13 20:49:56', '2018-09-13 20:49:56'),
(105, 1, 111, '2018-09-13 20:49:56', '2018-09-13 20:49:56'),
(106, 6, 1, '2018-09-13 20:49:56', '2018-09-13 20:49:56'),
(107, 6, 2, '2018-09-13 20:49:56', '2018-09-13 20:49:56'),
(108, 6, 3, '2018-09-13 20:49:56', '2018-09-13 20:49:56'),
(109, 6, 4, '2018-09-13 20:49:56', '2018-09-13 20:49:56'),
(110, 6, 5, '2018-09-13 20:49:56', '2018-09-13 20:49:56'),
(111, 6, 6, '2018-09-13 20:49:56', '2018-09-13 20:49:56'),
(112, 6, 9, '2018-09-13 20:49:56', '2018-09-13 20:49:56'),
(113, 6, 12, '2018-09-13 20:49:56', '2018-09-13 20:49:56'),
(114, 6, 13, '2018-09-13 20:49:56', '2018-09-13 20:49:56'),
(115, 6, 14, '2018-09-13 20:49:56', '2018-09-13 20:49:56'),
(116, 6, 15, '2018-09-13 20:49:56', '2018-09-13 20:49:56'),
(117, 6, 16, '2018-09-13 20:49:56', '2018-09-13 20:49:56'),
(118, 6, 19, '2018-09-13 20:49:56', '2018-09-13 20:49:56'),
(119, 6, 20, '2018-09-13 20:49:56', '2018-09-13 20:49:56'),
(120, 6, 21, '2018-09-13 20:49:56', '2018-09-13 20:49:56'),
(121, 6, 22, '2018-09-13 20:49:56', '2018-09-13 20:49:56'),
(122, 6, 41, '2018-09-13 20:49:56', '2018-09-13 20:49:56'),
(123, 6, 42, '2018-09-13 20:49:56', '2018-09-13 20:49:56'),
(124, 6, 43, '2018-09-13 20:49:56', '2018-09-13 20:49:56'),
(125, 6, 44, '2018-09-13 20:49:56', '2018-09-13 20:49:56'),
(126, 6, 45, '2018-09-13 20:49:56', '2018-09-13 20:49:56'),
(127, 6, 46, '2018-09-13 20:49:56', '2018-09-13 20:49:56'),
(128, 6, 29, '2018-09-13 20:49:56', '2018-09-13 20:49:56'),
(129, 6, 30, '2018-09-13 20:49:56', '2018-09-13 20:49:56'),
(130, 6, 31, '2018-09-13 20:49:56', '2018-09-13 20:49:56'),
(131, 6, 32, '2018-09-13 20:49:56', '2018-09-13 20:49:56'),
(132, 6, 33, '2018-09-13 20:49:56', '2018-09-13 20:49:56'),
(133, 6, 34, '2018-09-13 20:49:56', '2018-09-13 20:49:56'),
(134, 6, 35, '2018-09-13 20:49:56', '2018-09-13 20:49:56'),
(135, 6, 36, '2018-09-13 20:49:56', '2018-09-13 20:49:56'),
(136, 6, 37, '2018-09-13 20:49:56', '2018-09-13 20:49:56'),
(137, 6, 28, '2018-09-13 20:49:56', '2018-09-13 20:49:56'),
(138, 6, 29, '2018-09-13 20:49:56', '2018-09-13 20:49:56'),
(139, 6, 40, '2018-09-13 20:49:56', '2018-09-13 20:49:56'),
(140, 6, 23, '2018-09-13 20:49:56', '2018-09-13 20:49:56'),
(141, 6, 24, '2018-09-13 20:49:56', '2018-09-13 20:49:56'),
(142, 6, 25, '2018-09-13 20:49:56', '2018-09-13 20:49:56'),
(143, 6, 26, '2018-09-13 20:49:56', '2018-09-13 20:49:56'),
(144, 6, 27, '2018-09-13 20:49:56', '2018-09-13 20:49:56'),
(145, 6, 28, '2018-09-13 20:49:56', '2018-09-13 20:49:56'),
(146, 22, 1, '2018-09-13 20:49:56', '2018-09-13 20:49:56'),
(147, 22, 2, '2018-09-13 20:49:56', '2018-09-13 20:49:56'),
(148, 22, 3, '2018-09-13 20:49:56', '2018-09-13 20:49:56'),
(149, 22, 4, '2018-09-13 20:49:56', '2018-09-13 20:49:56'),
(150, 22, 5, '2018-09-13 20:49:56', '2018-09-13 20:49:56'),
(151, 22, 6, '2018-09-13 20:49:56', '2018-09-13 20:49:56'),
(152, 23, 9, '2018-09-13 20:49:56', '2018-09-13 20:49:56'),
(153, 23, 12, '2018-09-13 20:49:56', '2018-09-13 20:49:56'),
(154, 23, 13, '2018-09-13 20:49:56', '2018-09-13 20:49:56'),
(155, 23, 14, '2018-09-13 20:49:56', '2018-09-13 20:49:56'),
(156, 23, 15, '2018-09-13 20:49:56', '2018-09-13 20:49:56'),
(157, 23, 16, '2018-09-13 20:49:56', '2018-09-13 20:49:56'),
(158, 24, 19, '2018-09-13 20:49:56', '2018-09-13 20:49:56'),
(159, 25, 20, '2018-09-13 20:49:56', '2018-09-13 20:49:56'),
(160, 25, 21, '2018-09-13 20:49:56', '2018-09-13 20:49:56'),
(161, 26, 22, '2018-09-13 20:49:56', '2018-09-13 20:49:56'),
(162, 27, 41, '2018-09-13 20:49:56', '2018-09-13 20:49:56'),
(163, 27, 42, '2018-09-13 20:49:56', '2018-09-13 20:49:56'),
(164, 27, 43, '2018-09-13 20:49:56', '2018-09-13 20:49:56'),
(165, 27, 44, '2018-09-13 20:49:56', '2018-09-13 20:49:56'),
(166, 27, 45, '2018-09-13 20:49:56', '2018-09-13 20:49:56'),
(167, 27, 46, '2018-09-13 20:49:56', '2018-09-13 20:49:56'),
(168, 28, 29, '2018-09-13 20:49:56', '2018-09-13 20:49:56'),
(169, 28, 30, '2018-09-13 20:49:56', '2018-09-13 20:49:56'),
(170, 28, 31, '2018-09-13 20:49:56', '2018-09-13 20:49:56'),
(171, 28, 32, '2018-09-13 20:49:56', '2018-09-13 20:49:56'),
(172, 28, 33, '2018-09-13 20:49:56', '2018-09-13 20:49:56'),
(173, 28, 34, '2018-09-13 20:49:56', '2018-09-13 20:49:56'),
(174, 29, 35, '2018-09-13 20:49:56', '2018-09-13 20:49:56'),
(175, 29, 36, '2018-09-13 20:49:56', '2018-09-13 20:49:56'),
(176, 29, 37, '2018-09-13 20:49:56', '2018-09-13 20:49:56'),
(177, 29, 28, '2018-09-13 20:49:56', '2018-09-13 20:49:56'),
(178, 29, 29, '2018-09-13 20:49:56', '2018-09-13 20:49:56'),
(179, 29, 40, '2018-09-13 20:49:56', '2018-09-13 20:49:56'),
(180, 30, 23, '2018-09-13 20:49:56', '2018-09-13 20:49:56'),
(181, 30, 24, '2018-09-13 20:49:56', '2018-09-13 20:49:56'),
(182, 30, 25, '2018-09-13 20:49:56', '2018-09-13 20:49:56'),
(183, 30, 26, '2018-09-13 20:49:56', '2018-09-13 20:49:56'),
(184, 30, 27, '2018-09-13 20:49:56', '2018-09-13 20:49:56'),
(185, 30, 28, '2018-09-13 20:49:56', '2018-09-13 20:49:56'),
(186, 7, 65, '2018-09-13 20:49:56', '2018-09-13 20:49:56'),
(187, 7, 66, '2018-09-13 20:49:56', '2018-09-13 20:49:56'),
(188, 7, 67, '2018-09-13 20:49:56', '2018-09-13 20:49:56'),
(189, 7, 68, '2018-09-13 20:49:56', '2018-09-13 20:49:56'),
(190, 7, 69, '2018-09-13 20:49:56', '2018-09-13 20:49:56'),
(191, 7, 70, '2018-09-13 20:49:56', '2018-09-13 20:49:56'),
(192, 7, 53, '2018-09-13 20:49:56', '2018-09-13 20:49:56'),
(193, 7, 54, '2018-09-13 20:49:56', '2018-09-13 20:49:56'),
(194, 7, 55, '2018-09-13 20:49:56', '2018-09-13 20:49:56'),
(195, 7, 56, '2018-09-13 20:49:56', '2018-09-13 20:49:56'),
(196, 7, 57, '2018-09-13 20:49:56', '2018-09-13 20:49:56'),
(197, 7, 58, '2018-09-13 20:49:56', '2018-09-13 20:49:56'),
(198, 7, 59, '2018-09-13 20:49:56', '2018-09-13 20:49:56'),
(199, 7, 60, '2018-09-13 20:49:56', '2018-09-13 20:49:56'),
(200, 7, 61, '2018-09-13 20:49:56', '2018-09-13 20:49:56'),
(201, 7, 62, '2018-09-13 20:49:56', '2018-09-13 20:49:56'),
(202, 7, 63, '2018-09-13 20:49:56', '2018-09-13 20:49:56'),
(203, 7, 64, '2018-09-13 20:49:56', '2018-09-13 20:49:56'),
(204, 7, 47, '2018-09-13 20:49:56', '2018-09-13 20:49:56'),
(205, 7, 48, '2018-09-13 20:49:56', '2018-09-13 20:49:56'),
(206, 7, 49, '2018-09-13 20:49:56', '2018-09-13 20:49:56'),
(207, 7, 50, '2018-09-13 20:49:56', '2018-09-13 20:49:56'),
(208, 7, 51, '2018-09-13 20:49:56', '2018-09-13 20:49:56'),
(209, 7, 52, '2018-09-13 20:49:56', '2018-09-13 20:49:56'),
(210, 32, 65, '2018-09-13 20:49:56', '2018-09-13 20:49:56'),
(211, 32, 66, '2018-09-13 20:49:56', '2018-09-13 20:49:56'),
(212, 32, 67, '2018-09-13 20:49:56', '2018-09-13 20:49:56'),
(213, 32, 68, '2018-09-13 20:49:56', '2018-09-13 20:49:56'),
(214, 32, 69, '2018-09-13 20:49:56', '2018-09-13 20:49:56'),
(215, 32, 70, '2018-09-13 20:49:56', '2018-09-13 20:49:56'),
(216, 33, 53, '2018-09-13 20:49:56', '2018-09-13 20:49:56'),
(217, 33, 54, '2018-09-13 20:49:56', '2018-09-13 20:49:56'),
(218, 33, 55, '2018-09-13 20:49:56', '2018-09-13 20:49:56'),
(219, 33, 56, '2018-09-13 20:49:56', '2018-09-13 20:49:56'),
(220, 33, 57, '2018-09-13 20:49:56', '2018-09-13 20:49:56'),
(221, 33, 58, '2018-09-13 20:49:56', '2018-09-13 20:49:56'),
(222, 35, 59, '2018-09-13 20:49:56', '2018-09-13 20:49:56'),
(223, 35, 60, '2018-09-13 20:49:56', '2018-09-13 20:49:56'),
(224, 35, 61, '2018-09-13 20:49:56', '2018-09-13 20:49:56'),
(225, 35, 62, '2018-09-13 20:49:56', '2018-09-13 20:49:56'),
(226, 35, 63, '2018-09-13 20:49:56', '2018-09-13 20:49:56'),
(227, 35, 64, '2018-09-13 20:49:56', '2018-09-13 20:49:56'),
(228, 36, 47, '2018-09-13 20:49:56', '2018-09-13 20:49:56'),
(229, 36, 48, '2018-09-13 20:49:56', '2018-09-13 20:49:56'),
(230, 36, 49, '2018-09-13 20:49:56', '2018-09-13 20:49:56'),
(231, 36, 50, '2018-09-13 20:49:56', '2018-09-13 20:49:56'),
(232, 36, 51, '2018-09-13 20:49:56', '2018-09-13 20:49:56'),
(233, 36, 52, '2018-09-13 20:49:56', '2018-09-13 20:49:56'),
(234, 8, 71, '2018-09-13 20:49:56', '2018-09-13 20:49:56'),
(235, 8, 72, '2018-09-13 20:49:56', '2018-09-13 20:49:56'),
(236, 8, 73, '2018-09-13 20:49:56', '2018-09-13 20:49:56'),
(237, 8, 74, '2018-09-13 20:49:56', '2018-09-13 20:49:56'),
(238, 8, 75, '2018-09-13 20:49:56', '2018-09-13 20:49:56'),
(239, 8, 76, '2018-09-13 20:49:56', '2018-09-13 20:49:56'),
(240, 8, 77, '2018-09-13 20:49:56', '2018-09-13 20:49:56'),
(241, 8, 78, '2018-09-13 20:49:56', '2018-09-13 20:49:56'),
(242, 8, 79, '2018-09-13 20:49:56', '2018-09-13 20:49:56'),
(243, 8, 80, '2018-09-13 20:49:56', '2018-09-13 20:49:56'),
(244, 8, 81, '2018-09-13 20:49:56', '2018-09-13 20:49:56'),
(245, 8, 82, '2018-09-13 20:49:56', '2018-09-13 20:49:56'),
(246, 8, 83, '2018-09-13 20:49:56', '2018-09-13 20:49:56'),
(247, 8, 84, '2018-09-13 20:49:56', '2018-09-13 20:49:56'),
(248, 8, 85, '2018-09-13 20:49:56', '2018-09-13 20:49:56'),
(249, 8, 86, '2018-09-13 20:49:56', '2018-09-13 20:49:56'),
(250, 8, 87, '2018-09-13 20:49:56', '2018-09-13 20:49:56'),
(251, 8, 88, '2018-09-13 20:49:56', '2018-09-13 20:49:56'),
(252, 8, 89, '2018-09-13 20:49:56', '2018-09-13 20:49:56'),
(253, 8, 90, '2018-09-13 20:49:56', '2018-09-13 20:49:56'),
(254, 8, 91, '2018-09-13 20:49:56', '2018-09-13 20:49:56'),
(255, 8, 92, '2018-09-13 20:49:56', '2018-09-13 20:49:56'),
(256, 8, 93, '2018-09-13 20:49:56', '2018-09-13 20:49:56'),
(257, 8, 94, '2018-09-13 20:49:56', '2018-09-13 20:49:56'),
(258, 8, 95, '2018-09-13 20:49:56', '2018-09-13 20:49:56'),
(259, 8, 96, '2018-09-13 20:49:56', '2018-09-13 20:49:56'),
(260, 8, 97, '2018-09-13 20:49:56', '2018-09-13 20:49:56'),
(261, 8, 98, '2018-09-13 20:49:56', '2018-09-13 20:49:56'),
(262, 8, 99, '2018-09-13 20:49:56', '2018-09-13 20:49:56'),
(263, 8, 100, '2018-09-13 20:49:56', '2018-09-13 20:49:56'),
(264, 8, 101, '2018-09-13 20:49:56', '2018-09-13 20:49:56'),
(265, 8, 102, '2018-09-13 20:49:56', '2018-09-13 20:49:56'),
(266, 8, 103, '2018-09-13 20:49:56', '2018-09-13 20:49:56'),
(267, 8, 104, '2018-09-13 20:49:56', '2018-09-13 20:49:56'),
(268, 8, 105, '2018-09-13 20:49:56', '2018-09-13 20:49:56'),
(269, 8, 106, '2018-09-13 20:49:56', '2018-09-13 20:49:56'),
(270, 8, 107, '2018-09-13 20:49:56', '2018-09-13 20:49:56'),
(271, 8, 108, '2018-09-13 20:49:56', '2018-09-13 20:49:56'),
(272, 8, 109, '2018-09-13 20:49:56', '2018-09-13 20:49:56'),
(273, 8, 110, '2018-09-13 20:49:56', '2018-09-13 20:49:56'),
(274, 8, 111, '2018-09-13 20:49:56', '2018-09-13 20:49:56'),
(275, 2, 1, '2018-09-13 20:49:56', '2018-09-13 20:49:56'),
(276, 2, 2, '2018-09-13 20:49:56', '2018-09-13 20:49:56'),
(277, 2, 3, '2018-09-13 20:49:56', '2018-09-13 20:49:56'),
(278, 2, 5, '2018-09-13 20:49:56', '2018-09-13 20:49:56'),
(279, 2, 6, '2018-09-13 20:49:56', '2018-09-13 20:49:56'),
(280, 2, 9, '2018-09-13 20:49:56', '2018-09-13 20:49:56'),
(281, 2, 12, '2018-09-13 20:49:56', '2018-09-13 20:49:56'),
(282, 2, 13, '2018-09-13 20:49:56', '2018-09-13 20:49:56'),
(283, 2, 14, '2018-09-13 20:49:56', '2018-09-13 20:49:56'),
(284, 2, 15, '2018-09-13 20:49:56', '2018-09-13 20:49:56'),
(285, 2, 16, '2018-09-13 20:49:56', '2018-09-13 20:49:56'),
(286, 2, 17, '2018-09-13 20:49:56', '2018-09-13 20:49:56'),
(287, 2, 18, '2018-09-13 20:49:56', '2018-09-13 20:49:56'),
(288, 2, 19, '2018-09-13 20:49:56', '2018-09-13 20:49:56'),
(289, 2, 10, '2018-09-13 20:49:56', '2018-09-13 20:49:56'),
(290, 2, 11, '2018-09-13 20:49:56', '2018-09-13 20:49:56'),
(291, 2, 20, '2018-09-13 20:49:56', '2018-09-13 20:49:56'),
(292, 2, 21, '2018-09-13 20:49:56', '2018-09-13 20:49:56'),
(293, 2, 41, '2018-09-13 20:49:56', '2018-09-13 20:49:56'),
(294, 2, 42, '2018-09-13 20:49:56', '2018-09-13 20:49:56'),
(295, 2, 43, '2018-09-13 20:49:56', '2018-09-13 20:49:56'),
(296, 2, 44, '2018-09-13 20:49:56', '2018-09-13 20:49:56'),
(297, 2, 45, '2018-09-13 20:49:56', '2018-09-13 20:49:56'),
(298, 2, 46, '2018-09-13 20:49:56', '2018-09-13 20:49:56'),
(299, 2, 29, '2018-09-13 20:49:56', '2018-09-13 20:49:56'),
(300, 2, 30, '2018-09-13 20:49:56', '2018-09-13 20:49:56'),
(301, 2, 31, '2018-09-13 20:49:56', '2018-09-13 20:49:56'),
(302, 2, 32, '2018-09-13 20:49:56', '2018-09-13 20:49:56'),
(303, 2, 33, '2018-09-13 20:49:56', '2018-09-13 20:49:56'),
(304, 2, 34, '2018-09-13 20:49:56', '2018-09-13 20:49:56'),
(305, 2, 35, '2018-09-13 20:49:56', '2018-09-13 20:49:56'),
(306, 2, 36, '2018-09-13 20:49:56', '2018-09-13 20:49:56'),
(307, 2, 37, '2018-09-13 20:49:56', '2018-09-13 20:49:56'),
(308, 2, 38, '2018-09-13 20:49:56', '2018-09-13 20:49:56'),
(309, 2, 39, '2018-09-13 20:49:56', '2018-09-13 20:49:56'),
(310, 2, 40, '2018-09-13 20:49:56', '2018-09-13 20:49:56'),
(311, 2, 23, '2018-09-13 20:49:56', '2018-09-13 20:49:56'),
(312, 2, 24, '2018-09-13 20:49:56', '2018-09-13 20:49:56'),
(313, 2, 25, '2018-09-13 20:49:56', '2018-09-13 20:49:56'),
(314, 2, 26, '2018-09-13 20:49:56', '2018-09-13 20:49:56'),
(315, 2, 27, '2018-09-13 20:49:56', '2018-09-13 20:49:56'),
(316, 2, 28, '2018-09-13 20:49:56', '2018-09-13 20:49:56'),
(317, 2, 65, '2018-09-13 20:49:56', '2018-09-13 20:49:56'),
(318, 2, 66, '2018-09-13 20:49:56', '2018-09-13 20:49:56'),
(319, 2, 67, '2018-09-13 20:49:56', '2018-09-13 20:49:56'),
(320, 2, 68, '2018-09-13 20:49:56', '2018-09-13 20:49:56'),
(321, 2, 69, '2018-09-13 20:49:56', '2018-09-13 20:49:56'),
(322, 2, 70, '2018-09-13 20:49:56', '2018-09-13 20:49:56'),
(323, 2, 53, '2018-09-13 20:49:56', '2018-09-13 20:49:56'),
(324, 2, 54, '2018-09-13 20:49:56', '2018-09-13 20:49:56'),
(325, 2, 55, '2018-09-13 20:49:56', '2018-09-13 20:49:56'),
(326, 2, 56, '2018-09-13 20:49:56', '2018-09-13 20:49:56'),
(327, 2, 57, '2018-09-13 20:49:56', '2018-09-13 20:49:56'),
(328, 2, 58, '2018-09-13 20:49:56', '2018-09-13 20:49:56'),
(329, 2, 10, '2018-09-13 20:49:56', '2018-09-13 20:49:56'),
(330, 2, 11, '2018-09-13 20:49:56', '2018-09-13 20:49:56'),
(331, 2, 59, '2018-09-13 20:49:56', '2018-09-13 20:49:56'),
(332, 2, 60, '2018-09-13 20:49:56', '2018-09-13 20:49:56'),
(333, 2, 61, '2018-09-13 20:49:56', '2018-09-13 20:49:56'),
(334, 2, 62, '2018-09-13 20:49:56', '2018-09-13 20:49:56'),
(335, 2, 63, '2018-09-13 20:49:56', '2018-09-13 20:49:56'),
(336, 2, 64, '2018-09-13 20:49:56', '2018-09-13 20:49:56'),
(337, 2, 47, '2018-09-13 20:49:56', '2018-09-13 20:49:56'),
(338, 2, 48, '2018-09-13 20:49:56', '2018-09-13 20:49:56'),
(339, 2, 49, '2018-09-13 20:49:56', '2018-09-13 20:49:56'),
(340, 2, 50, '2018-09-13 20:49:56', '2018-09-13 20:49:56'),
(341, 2, 51, '2018-09-13 20:49:56', '2018-09-13 20:49:56'),
(342, 2, 52, '2018-09-13 20:49:56', '2018-09-13 20:49:56'),
(343, 12, 1, '2018-09-13 20:49:56', '2018-09-13 20:49:56'),
(344, 12, 2, '2018-09-13 20:49:56', '2018-09-13 20:49:56'),
(345, 12, 3, '2018-09-13 20:49:56', '2018-09-13 20:49:56'),
(346, 12, 5, '2018-09-13 20:49:56', '2018-09-13 20:49:56'),
(347, 12, 6, '2018-09-13 20:49:56', '2018-09-13 20:49:56'),
(348, 12, 9, '2018-09-13 20:49:56', '2018-09-13 20:49:56'),
(349, 12, 12, '2018-09-13 20:49:56', '2018-09-13 20:49:56'),
(350, 12, 13, '2018-09-13 20:49:56', '2018-09-13 20:49:56'),
(351, 12, 14, '2018-09-13 20:49:56', '2018-09-13 20:49:56'),
(352, 12, 15, '2018-09-13 20:49:56', '2018-09-13 20:49:56'),
(353, 12, 16, '2018-09-13 20:49:56', '2018-09-13 20:49:56'),
(354, 12, 17, '2018-09-13 20:49:56', '2018-09-13 20:49:56'),
(355, 12, 18, '2018-09-13 20:49:56', '2018-09-13 20:49:56'),
(356, 12, 19, '2018-09-13 20:49:56', '2018-09-13 20:49:56'),
(357, 12, 10, '2018-09-13 20:49:56', '2018-09-13 20:49:56'),
(358, 12, 11, '2018-09-13 20:49:56', '2018-09-13 20:49:56'),
(359, 12, 20, '2018-09-13 20:49:56', '2018-09-13 20:49:56'),
(360, 12, 21, '2018-09-13 20:49:56', '2018-09-13 20:49:56'),
(361, 12, 41, '2018-09-13 20:49:56', '2018-09-13 20:49:56'),
(362, 12, 42, '2018-09-13 20:49:56', '2018-09-13 20:49:56'),
(363, 12, 43, '2018-09-13 20:49:56', '2018-09-13 20:49:56'),
(364, 12, 44, '2018-09-13 20:49:56', '2018-09-13 20:49:56'),
(365, 12, 45, '2018-09-13 20:49:56', '2018-09-13 20:49:56'),
(366, 12, 46, '2018-09-13 20:49:56', '2018-09-13 20:49:56'),
(367, 12, 29, '2018-09-13 20:49:56', '2018-09-13 20:49:56'),
(368, 12, 30, '2018-09-13 20:49:56', '2018-09-13 20:49:56'),
(369, 12, 31, '2018-09-13 20:49:56', '2018-09-13 20:49:56'),
(370, 12, 32, '2018-09-13 20:49:56', '2018-09-13 20:49:56'),
(371, 12, 33, '2018-09-13 20:49:56', '2018-09-13 20:49:56'),
(372, 12, 34, '2018-09-13 20:49:56', '2018-09-13 20:49:56'),
(373, 12, 35, '2018-09-13 20:49:56', '2018-09-13 20:49:56'),
(374, 12, 36, '2018-09-13 20:49:56', '2018-09-13 20:49:56'),
(375, 12, 37, '2018-09-13 20:49:56', '2018-09-13 20:49:56'),
(376, 12, 38, '2018-09-13 20:49:56', '2018-09-13 20:49:56'),
(377, 12, 39, '2018-09-13 20:49:56', '2018-09-13 20:49:56'),
(378, 12, 40, '2018-09-13 20:49:56', '2018-09-13 20:49:56'),
(379, 12, 23, '2018-09-13 20:49:56', '2018-09-13 20:49:56'),
(380, 12, 24, '2018-09-13 20:49:56', '2018-09-13 20:49:56'),
(381, 12, 25, '2018-09-13 20:49:56', '2018-09-13 20:49:56'),
(382, 12, 26, '2018-09-13 20:49:56', '2018-09-13 20:49:56'),
(383, 12, 27, '2018-09-13 20:49:56', '2018-09-13 20:49:56'),
(384, 12, 28, '2018-09-13 20:49:56', '2018-09-13 20:49:56'),
(385, 37, 1, '2018-09-13 20:49:56', '2018-09-13 20:49:56'),
(386, 37, 2, '2018-09-13 20:49:56', '2018-09-13 20:49:56'),
(387, 37, 3, '2018-09-13 20:49:56', '2018-09-13 20:49:56'),
(388, 37, 5, '2018-09-13 20:49:56', '2018-09-13 20:49:56'),
(389, 37, 6, '2018-09-13 20:49:56', '2018-09-13 20:49:56'),
(390, 38, 9, '2018-09-13 20:49:56', '2018-09-13 20:49:56'),
(391, 38, 12, '2018-09-13 20:49:56', '2018-09-13 20:49:56'),
(392, 38, 13, '2018-09-13 20:49:56', '2018-09-13 20:49:56'),
(393, 38, 14, '2018-09-13 20:49:56', '2018-09-13 20:49:56'),
(394, 38, 15, '2018-09-13 20:49:56', '2018-09-13 20:49:56'),
(395, 38, 16, '2018-09-13 20:49:56', '2018-09-13 20:49:56'),
(396, 38, 17, '2018-09-13 20:49:56', '2018-09-13 20:49:56'),
(397, 38, 18, '2018-09-13 20:49:56', '2018-09-13 20:49:56'),
(398, 39, 19, '2018-09-13 20:49:56', '2018-09-13 20:49:56'),
(399, 40, 10, '2018-09-13 20:49:56', '2018-09-13 20:49:56'),
(400, 40, 11, '2018-09-13 20:49:56', '2018-09-13 20:49:56'),
(401, 41, 20, '2018-09-13 20:49:56', '2018-09-13 20:49:56'),
(402, 41, 21, '2018-09-13 20:49:56', '2018-09-13 20:49:56'),
(403, 42, 41, '2018-09-13 20:49:56', '2018-09-13 20:49:56'),
(404, 42, 42, '2018-09-13 20:49:56', '2018-09-13 20:49:56'),
(405, 42, 43, '2018-09-13 20:49:56', '2018-09-13 20:49:56'),
(406, 42, 44, '2018-09-13 20:49:56', '2018-09-13 20:49:56'),
(407, 42, 45, '2018-09-13 20:49:56', '2018-09-13 20:49:56'),
(408, 42, 46, '2018-09-13 20:49:56', '2018-09-13 20:49:56'),
(409, 43, 29, '2018-09-13 20:49:56', '2018-09-13 20:49:56'),
(410, 43, 30, '2018-09-13 20:49:56', '2018-09-13 20:49:56'),
(411, 43, 31, '2018-09-13 20:49:56', '2018-09-13 20:49:56'),
(412, 43, 32, '2018-09-13 20:49:56', '2018-09-13 20:49:56'),
(413, 43, 33, '2018-09-13 20:49:56', '2018-09-13 20:49:56'),
(414, 43, 34, '2018-09-13 20:49:56', '2018-09-13 20:49:56'),
(415, 45, 35, '2018-09-13 20:49:56', '2018-09-13 20:49:56'),
(416, 45, 36, '2018-09-13 20:49:56', '2018-09-13 20:49:56'),
(417, 45, 37, '2018-09-13 20:49:56', '2018-09-13 20:49:56'),
(418, 45, 38, '2018-09-13 20:49:56', '2018-09-13 20:49:56'),
(419, 45, 39, '2018-09-13 20:49:56', '2018-09-13 20:49:56'),
(420, 45, 40, '2018-09-13 20:49:56', '2018-09-13 20:49:56'),
(421, 46, 23, '2018-09-13 20:49:56', '2018-09-13 20:49:56'),
(422, 46, 24, '2018-09-13 20:49:56', '2018-09-13 20:49:56'),
(423, 46, 25, '2018-09-13 20:49:56', '2018-09-13 20:49:56'),
(424, 46, 26, '2018-09-13 20:49:56', '2018-09-13 20:49:56'),
(425, 46, 27, '2018-09-13 20:49:56', '2018-09-13 20:49:56'),
(426, 46, 28, '2018-09-13 20:49:56', '2018-09-13 20:49:56'),
(427, 13, 65, '2018-09-13 20:49:56', '2018-09-13 20:49:56'),
(428, 13, 66, '2018-09-13 20:49:56', '2018-09-13 20:49:56'),
(429, 13, 67, '2018-09-13 20:49:56', '2018-09-13 20:49:56'),
(430, 13, 68, '2018-09-13 20:49:56', '2018-09-13 20:49:56'),
(431, 13, 69, '2018-09-13 20:49:56', '2018-09-13 20:49:56'),
(432, 13, 70, '2018-09-13 20:49:56', '2018-09-13 20:49:56'),
(433, 13, 53, '2018-09-13 20:49:56', '2018-09-13 20:49:56'),
(434, 13, 54, '2018-09-13 20:49:56', '2018-09-13 20:49:56'),
(435, 13, 55, '2018-09-13 20:49:56', '2018-09-13 20:49:56'),
(436, 13, 56, '2018-09-13 20:49:56', '2018-09-13 20:49:56'),
(437, 13, 57, '2018-09-13 20:49:56', '2018-09-13 20:49:56'),
(438, 13, 58, '2018-09-13 20:49:56', '2018-09-13 20:49:56'),
(439, 13, 10, '2018-09-13 20:49:56', '2018-09-13 20:49:56'),
(440, 13, 11, '2018-09-13 20:49:56', '2018-09-13 20:49:56'),
(441, 13, 59, '2018-09-13 20:49:56', '2018-09-13 20:49:56'),
(442, 13, 60, '2018-09-13 20:49:56', '2018-09-13 20:49:56'),
(443, 13, 61, '2018-09-13 20:49:56', '2018-09-13 20:49:56'),
(444, 13, 62, '2018-09-13 20:49:56', '2018-09-13 20:49:56'),
(445, 13, 63, '2018-09-13 20:49:56', '2018-09-13 20:49:56'),
(446, 13, 64, '2018-09-13 20:49:56', '2018-09-13 20:49:56'),
(447, 13, 47, '2018-09-13 20:49:56', '2018-09-13 20:49:56'),
(448, 13, 48, '2018-09-13 20:49:56', '2018-09-13 20:49:56'),
(449, 13, 49, '2018-09-13 20:49:56', '2018-09-13 20:49:56'),
(450, 13, 50, '2018-09-13 20:49:56', '2018-09-13 20:49:56'),
(451, 13, 51, '2018-09-13 20:49:56', '2018-09-13 20:49:56'),
(452, 13, 52, '2018-09-13 20:49:56', '2018-09-13 20:49:56'),
(453, 47, 65, '2018-09-13 20:49:56', '2018-09-13 20:49:56'),
(454, 47, 66, '2018-09-13 20:49:56', '2018-09-13 20:49:56'),
(455, 47, 67, '2018-09-13 20:49:56', '2018-09-13 20:49:56'),
(456, 47, 68, '2018-09-13 20:49:56', '2018-09-13 20:49:56'),
(457, 47, 69, '2018-09-13 20:49:56', '2018-09-13 20:49:56'),
(458, 47, 70, '2018-09-13 20:49:56', '2018-09-13 20:49:56'),
(459, 48, 53, '2018-09-13 20:49:56', '2018-09-13 20:49:56'),
(460, 48, 54, '2018-09-13 20:49:56', '2018-09-13 20:49:56'),
(461, 48, 55, '2018-09-13 20:49:56', '2018-09-13 20:49:56'),
(462, 48, 56, '2018-09-13 20:49:56', '2018-09-13 20:49:56'),
(463, 48, 57, '2018-09-13 20:49:56', '2018-09-13 20:49:56'),
(464, 48, 58, '2018-09-13 20:49:56', '2018-09-13 20:49:56'),
(465, 49, 10, '2018-09-13 20:49:56', '2018-09-13 20:49:56'),
(466, 49, 11, '2018-09-13 20:49:56', '2018-09-13 20:49:56'),
(467, 51, 59, '2018-09-13 20:49:56', '2018-09-13 20:49:56'),
(468, 51, 60, '2018-09-13 20:49:56', '2018-09-13 20:49:56'),
(469, 51, 61, '2018-09-13 20:49:56', '2018-09-13 20:49:56'),
(470, 51, 62, '2018-09-13 20:49:56', '2018-09-13 20:49:56'),
(471, 51, 63, '2018-09-13 20:49:56', '2018-09-13 20:49:56'),
(472, 51, 64, '2018-09-13 20:49:56', '2018-09-13 20:49:56'),
(473, 52, 47, '2018-09-13 20:49:56', '2018-09-13 20:49:56'),
(474, 52, 48, '2018-09-13 20:49:56', '2018-09-13 20:49:56'),
(475, 52, 49, '2018-09-13 20:49:56', '2018-09-13 20:49:56'),
(476, 52, 50, '2018-09-13 20:49:56', '2018-09-13 20:49:56'),
(477, 52, 51, '2018-09-13 20:49:56', '2018-09-13 20:49:56'),
(478, 52, 52, '2018-09-13 20:49:56', '2018-09-13 20:49:56');

-- --------------------------------------------------------

--
-- Table structure for table `migrations`
--

CREATE TABLE `migrations` (
  `id` int(10) UNSIGNED NOT NULL,
  `migration` varchar(255) COLLATE utf8mb4_unicode_ci NOT NULL,
  `batch` int(11) NOT NULL
) ENGINE=InnoDB DEFAULT CHARSET=utf8mb4 COLLATE=utf8mb4_unicode_ci;

--
-- Dumping data for table `migrations`
--

INSERT INTO `migrations` (`id`, `migration`, `batch`) VALUES
(1, '2014_10_12_000000_create_users_table', 1),
(2, '2014_10_12_100000_create_password_resets_table', 1),
(13, '2018_09_07_161114_create_catagories_table', 2),
(14, '2018_09_10_151243_create_products_table', 3),
(16, '2018_09_11_130736_create_linker_table', 4),
(17, '2018_09_14_041232_creat_about_img_table', 5),
(18, '2018_09_14_042152_create_about_img_table', 6),
(19, '2018_09_14_042217_create_certificates_table', 6),
(20, '2018_09_14_045920_create_gallery_table', 7),
(21, '2018_09_14_071055_create__counter_table', 8);

-- --------------------------------------------------------

--
-- Table structure for table `password_resets`
--

CREATE TABLE `password_resets` (
  `email` varchar(191) COLLATE utf8mb4_unicode_ci NOT NULL,
  `token` varchar(191) COLLATE utf8mb4_unicode_ci NOT NULL,
  `created_at` timestamp NULL DEFAULT NULL
) ENGINE=InnoDB DEFAULT CHARSET=utf8mb4 COLLATE=utf8mb4_unicode_ci;

-- --------------------------------------------------------

--
-- Table structure for table `products`
--

CREATE TABLE `products` (
  `id` int(10) UNSIGNED NOT NULL,
  `name` varchar(255) COLLATE utf8mb4_unicode_ci NOT NULL,
  `partNumber` varchar(255) COLLATE utf8mb4_unicode_ci DEFAULT NULL,
  `chip` varchar(255) COLLATE utf8mb4_unicode_ci DEFAULT NULL,
  `configuration` varchar(255) COLLATE utf8mb4_unicode_ci DEFAULT NULL,
  `rangeFed` varchar(255) COLLATE utf8mb4_unicode_ci DEFAULT NULL,
  `fixedHieght` varchar(255) COLLATE utf8mb4_unicode_ci DEFAULT NULL,
  `ipRating` varchar(255) COLLATE utf8mb4_unicode_ci DEFAULT NULL,
  `powerConsumptionLed` varchar(255) COLLATE utf8mb4_unicode_ci DEFAULT NULL,
  `powerConsumptionMetre` varchar(255) COLLATE utf8mb4_unicode_ci DEFAULT NULL,
  `colourRendering` varchar(255) COLLATE utf8mb4_unicode_ci DEFAULT NULL,
  `colourTemperature` varchar(255) COLLATE utf8mb4_unicode_ci DEFAULT NULL,
  `luminous` varchar(255) COLLATE utf8mb4_unicode_ci DEFAULT NULL,
  `lumens` varchar(255) COLLATE utf8mb4_unicode_ci DEFAULT NULL,
  `powerFactor` varchar(255) COLLATE utf8mb4_unicode_ci DEFAULT NULL,
  `voltageOnLighting` varchar(255) COLLATE utf8mb4_unicode_ci DEFAULT NULL,
  `supplyVoltage` varchar(255) COLLATE utf8mb4_unicode_ci DEFAULT NULL,
  `controllerVac` varchar(255) COLLATE utf8mb4_unicode_ci DEFAULT NULL,
  `protection` varchar(255) COLLATE utf8mb4_unicode_ci DEFAULT NULL,
  `lux` varchar(255) COLLATE utf8mb4_unicode_ci DEFAULT NULL,
  `description` varchar(255) COLLATE utf8mb4_unicode_ci DEFAULT NULL,
  `detail` varchar(255) COLLATE utf8mb4_unicode_ci DEFAULT NULL,
  `ies` varchar(255) COLLATE utf8mb4_unicode_ci DEFAULT NULL,
  `pdf` varchar(255) COLLATE utf8mb4_unicode_ci DEFAULT NULL,
  `img` varchar(255) COLLATE utf8mb4_unicode_ci NOT NULL DEFAULT 'img.png',
  `price` double DEFAULT NULL,
  `created_at` timestamp NULL DEFAULT CURRENT_TIMESTAMP ON UPDATE CURRENT_TIMESTAMP,
  `updated_at` timestamp NULL DEFAULT CURRENT_TIMESTAMP ON UPDATE CURRENT_TIMESTAMP
) ENGINE=InnoDB DEFAULT CHARSET=utf8mb4 COLLATE=utf8mb4_unicode_ci;

--
-- Dumping data for table `products`
--

INSERT INTO `products` (`id`, `name`, `partNumber`, `chip`, `configuration`, `rangeFed`, `fixedHieght`, `ipRating`, `powerConsumptionLed`, `powerConsumptionMetre`, `colourRendering`, `colourTemperature`, `luminous`, `lumens`, `powerFactor`, `voltageOnLighting`, `supplyVoltage`, `controllerVac`, `protection`, `lux`, `description`, `detail`, `ies`, `pdf`, `img`, `price`, `created_at`, `updated_at`) VALUES
(1, 'x-Glo-12-36V', 'x-Glo-12-36V', 'Epistar', '12 LED\'s spaced evenly over a metre length', '90 Metres', '2 – 3 Metres', '67', '0.20 Watts', '2.45 Watts', '> 70', '6500 Kelvin', '81.63 Lumens / Watt', '200', '0.99', '36 VDC', '85 - 265 VAC', NULL, 'Short Circuit Over Voltage Over temperature Over Current', '33 @ 2m average', NULL, NULL, 'x-Glo-12-36v-1M.IES', 'x-Glo-12-36v-1M.pdf', 'img.png', 17.89, '2018-09-13 18:12:48', '2018-09-13 18:12:48'),
(2, 'x-Glo-18-36V', 'x-Glo-18-36V', 'Epistar', '18 LED\'s spaced evenly over a metre length', '68 Metres', '2.5 – 3.5 Metres', '67', '0.18 Watts', '3.30 Watts', '> 70', '6500 Kelvin', '90.91 Lumens / Watt', '300', '0.99', '36 VDC', '85 - 265 VAC', NULL, 'Short Circuit Over Voltage Over temperature Over Current', '42 @ 2m average', NULL, NULL, 'x-Glo-18-36v-1M.IES', 'x-Glo-18-36v-1M.pdf', 'img.png', 70.89, '2018-09-13 18:13:11', '2018-09-13 18:13:11'),
(3, 'x-Glo-24-36V', 'x-Glo-24-36V', 'Epistar', '24 LED\'s spaced evenly over a metre length', '82 Metres', '3 – 4 Metres', '67', '0.15 Watts', '3.60 Watts', '> 70', '6500 Kelvin', '97.22 Lumens / Watt', '350', '0.99', '36 VDC', '85 - 265 VAC', NULL, 'Short Circuit Over Voltage Over temperature Over Current', '48 @ 2m average', NULL, NULL, 'x-Glo-24-36v-1M.IES', 'x-Glo-24-36v-1M.pdf', 'img.png', 84.4, '2018-09-13 18:13:11', '2018-09-13 18:13:11'),
(4, 'x-Glo-30-36V', 'x-Glo-30-36V', 'Epistar', '30 LED\'s spaced evenly over a metre length', '58 Metres', '3.5 – 4.5 Metres', '67', '0.15 Watts', '4.40 Watts', '> 70', '6500 Kelvin', '90.9 Lumens / Watt', '400', '0.99', '36 VDC', '85 - 265 VAC', NULL, 'Short Circuit Over Voltage Over temperature Over Current', '74 @ 2m average', NULL, NULL, 'x-Glo-30-36v-1M.IES', 'x-Glo-30-36v-1M.pdf', 'img.png', 10.22, '2018-09-13 18:13:11', '2018-09-13 18:13:11'),
(5, 'x-Glo-36-36V', 'x-Glo-36-36V', 'Epistar', '36 LED\'s spaced evenly over a metre length', '48 Metres', '4 – 5 Metres', '67', '0.15 Watts', '5.5 Watts', '> 70', '6500 Kelvin', '109.09 Lumens / Watt', '600', '0.99', '36 VDC', '85 - 265 VAC', NULL, 'Short Circuit Over Voltage Over temperature Over Current', '115 @ 2m average', NULL, NULL, 'x-Glo-36-36v-1M.IES', 'x-Glo-36-36v-1M.pdf', 'img.png', 45.5, '2018-09-13 18:13:11', '2018-09-13 18:13:11'),
(6, 'x-Glo-60-36V', 'x‐Glo‐60‐36V', 'Epistar', '60 LED\'s spaced evenly over a metre length', '42 Metres', '5 - 6 Metres', '67', '0.15 Watts', '9.00 Watts', '> 70', '6500 Kelvin', '100 Lumens / Watt', '900', '0.99', '36 VDC', '85 - 265 VAC', NULL, 'Short Circuit Over Voltage Over temperature Over Current', '153 @ 2m average', NULL, NULL, 'x-Glo-60-36v-1M.IES', 'x-Glo-60-36v-1M.pdf', 'img.png', 66.19, '2018-09-13 18:13:11', '2018-09-13 18:13:11'),
(7, 'x-Glo-60-36V-Green', 'x-Glo-60-36V-Green', 'Epistar', '60 LED\'s spaced evenly over a metre length', '42 Metres', '5 - 6 Metres', '67', '0.15 Watts', '9.00 Watts', 'n/a', 'Green', '61.12 Lumens / Watt', '>550', '0.99', '36 VDC', '85 - 265 VAC', NULL, 'Short Circuit  Over Voltage  Over temperature  Over Current', '153 @ 2m average', NULL, NULL, '', '', 'img.png', 32.42, '2018-09-13 18:13:11', '2018-09-13 18:13:11'),
(8, 'x-Glo-60-36V-Red', 'x-Glo-60-36V-Red', 'Epistar', '60 LED\'s spaced evenly over a metre length', '42 Metres', '5 - 6 Metres', '67', '0.15 Watts', '7.00 Watts', 'n/a', 'Red', '31.43 Lumens / Watt', '>220', '36 VDC', '85 - 265 VAC', NULL, NULL, 'Short Circuit  Over Voltage  Over temperature  Over Current', '153 @ 2m average', NULL, NULL, NULL, NULL, 'img.png', 53.63, '2018-09-13 18:13:11', '2018-09-13 18:13:11'),
(9, 'x-Glo-12-24V', 'x-Glo-12-24V', 'Epistar', '12 LED\'s spaced evenly over a metre length', '50 metres', '2 - 3 Metres', '67', '0.2 Watts', '2.5 Watts', '> 70', '6500 Kelvin', '80 Lumens / Watt', '200', '0.99', '24 VDC', '85 - 265 VAC', NULL, 'Short Circuit Over Voltage Over temperature Over Current', NULL, NULL, NULL, NULL, '33 @ 2m average', 'img.png', 2.83, '2018-09-13 18:13:11', '2018-09-13 18:13:11'),
(10, 'x-Glo-14-GC', 'x-Glo-14-GC', 'Epistar', '14 LED\'s spaced evenly over a metre length', '200 metres', '2 - 3 Metres', '67', '0.07 Watts', '1 Watts', 'n/a', 'Green', '>50 Lumens / Watt', '>50Lumens', '>50Lumens', 'DC 24V', '85 - 265 VAC', NULL, 'Short Circuit  Over Voltage  Over temperature  Over Current', NULL, NULL, NULL, NULL, '33 @ 2m average', 'img.png', 44.1, '2018-09-13 18:13:11', '2018-09-13 18:13:11'),
(11, 'x-Glo-14-RC', 'x-Glo-14-RC', 'Epistar', '14 LED\'s spaced evenly over a metre length', '200 metres', '2 - 3 Metres', '67', '0.07 Watts', '1 Watts', 'n/a', 'Red', '>15 Lumens / Watt', '>15Lumens', '0.99', 'DC 24V', '85 - 265 VAC', NULL, 'Short Circuit  Over Voltage  Over temperature  Over Current', NULL, NULL, NULL, NULL, '33 @ 2m average', 'img.png', 48.67, '2018-09-13 18:13:11', '2018-09-13 18:13:11'),
(12, 'x-Glo-18-24V', 'x-Glo-18-24V', 'Epistar', '18 LED\'s spaced evenly over a metre length', '46 metres', '2.5 – 3.5 Metres', '67', '0.2 Watts', '3.6 Watts', '> 70', '6500 Kelvin', '83.33 Lumens / Watt', '300', '0.99', '24 VDC', '85 - 265 VAC', NULL, 'Short Circuit Over Voltage Over temperature Over Current', NULL, NULL, NULL, NULL, '42 @ 2m average', 'img.png', 38.37, '2018-09-13 18:13:11', '2018-09-13 18:13:11'),
(13, 'x-Glo-24-24V', 'x-Glo-24-24V', 'Epistar', '24 LED\'s spaced evenly over a metre length', '40 metres', '3.4 Metres', '67', '0.2 Watts', '4.8 Watts', '> 70', '6500 Kelvin', '72.92 Lumens / Watt', '350', '0.99', '24 VDC', '85 - 265 VAC', NULL, 'Short Circuit Over Voltage Over temperature Over Current', NULL, NULL, NULL, NULL, '48 @ 2m average', 'img.png', 1.98, '2018-09-13 18:13:11', '2018-09-13 18:13:11'),
(14, 'x-Glo-30-24V', 'x-Glo-30-24V', 'Epistar', '30 LED\'s spaced evenly over a metre length', '36 metres', '3.5 – 4.5 Metres', '67', '0.2 Watts', '6 Watts', '> 70', '6500 Kelvin', '66.67 Lumens / Watt', '400', '0.99', '24 VDC', '85 - 265 VAC', NULL, 'Short Circuit Over Voltage Over temperature Over Current', NULL, NULL, NULL, NULL, '74 @ 2m average', 'img.png', 89.83, '2018-09-13 18:13:11', '2018-09-13 18:13:11'),
(15, 'x-Glo-36-24V', 'x-Glo-36-24V', 'Epistar', '36 LED\'s spaced evenly over a metre length', '32 metres', '3.5 – 4.5 Metres', '67', '0.2 Watts', '7.2 Watts', '> 70', '6500 Kelvin', '83.33 Lumens / Watt', '600', '0.99', '24 VDC', '85 - 265 VAC', NULL, 'Short Circuit Over Voltage Over temperature Over Current', NULL, NULL, NULL, NULL, '115 @ 2m average', 'img.png', 81.38, '2018-09-13 18:13:11', '2018-09-13 18:13:11'),
(16, 'x-Glo-60-24V', 'x-Glo-60-24V', 'Epistar', '60 LED\'s spaced evenly over a metre length', '20 metres', '5 - 6 Metres', '67', '0.2 Watts', '12 Watts', '> 70', '6500 Kelvin', '75 Lumens / Watt', '900', '0.99', '24 VDC', '85 - 265 VAC', NULL, 'Short Circuit Over Voltage Over temperature Over Current', '153 @ 2m average', NULL, NULL, 'x-Glo-60-24v-1M.IES', 'x-Glo-60-24v-1M.pdf', 'img.png', 60.6, '2018-09-13 18:13:11', '2018-09-13 18:13:11'),
(17, 'x-Glo-60-24V-Green', 'x-Glo-60-24V-Green', 'Epistar', '60 LED\'s spaced evenly over a metre length', '20 metres', '5 - 6 Metres', '67', '0.2 Watts', '12 Watts', 'n/a', 'Green', '45.83 Lumens / Watt', '>550', '0.99', '24 VDC', '85 - 265 VAC', NULL, 'Short Circuit  Over Voltage  Over temperature  Over Current', '153 @ 2m average', NULL, NULL, NULL, NULL, 'img.png', 53.97, '2018-09-13 18:13:11', '2018-09-13 18:13:11'),
(18, 'x-Glo-60-24V-Red', 'x-Glo-60-24V-Red', 'Epistar', '60 LED\'s spaced evenly over a metre length', '30 metres', '5 - 6 Metres', '67', '0.12 Watts', '7.2 Watts', 'n/a', 'Red', '30.56 Lumens / Watt', '>220', '0.99', '24 VDC', '85 - 265 VAC', NULL, 'Short Circuit  Over Voltage  Over temperature  Over Current', '153 @ 2m average', NULL, NULL, NULL, NULL, 'img.png', 49.61, '2018-09-13 18:13:11', '2018-09-13 18:13:11'),
(19, 'x-Glo-72-12V', 'x-Glo-72-12V', 'Epistar', '72 LED\'s spaced evenly over a metre length', '10 Metres', '4 - 5 Metres', '67', '0.15 Watts', '10.8 Watts', '> 80', '6500 Kelvin', '80.23 Lumens / Watt', '1140', '0.99', '12 VDC', '90 - 305 VAC', NULL, 'Short Circuit Over Voltage Over temperature Over Current', '310 at 1m 78 at 2m 65 at 3m 19.5 at 4m 12.5 at 5m', NULL, NULL, 'x-Glo-72-12v-1M.IES', 'x-Glo-72-12v-1M.pdf', 'img.png', 49.59, '2018-09-13 18:13:11', '2018-09-13 18:13:11'),
(20, 'x-Glo-36-220v', 'x-Glo-36-220v', 'Epistar', '36 LED\'s spaced evenly over a metre length', '10 metres as one piece and at most 5pcs 10metres joined together as one set', '2 - 3 Metres', '65', '0.33 Watts', '12 Watts', '> 70', '6500 Kelvin', '37.5 Lumens / Watt', '450', '0.99', '220 VAC', NULL, NULL, 'Short Circuit Over Voltage Over temperature Over Current', NULL, NULL, NULL, 'x-Glo-36-220v.ies', 'x-Glo-36-220v IES File.pdf', 'img.png', 98.64, '2018-09-13 18:13:11', '2018-09-13 18:13:11'),
(21, 'x-Glo-72-220v', 'x-Glo-72-220v', 'Epistar', '72 LED\'s spaced evenly over a metre length', '10 metres as one piece and at most 5pcs 10metres joined together as one set', '2 - 3 Metres', '65', '0.19 Watts', '14 Watts', '> 70', '6500 Kelvin', '65 Lumens / Watt', '900', '0.99', '220 VAC', NULL, NULL, 'Short Circuit Over Voltage Over temperature Over Current', NULL, NULL, NULL, 'x-Glo-72-220v.ies', 'x-Glo-72-220V.PDF', 'img.png', 50.91, '2018-09-13 18:13:11', '2018-09-13 18:13:11'),
(22, 'x-Glo-72-110v', 'x-Glo-72-110v', 'Epistar', '72 LED\'s spaced evenly over a metre length', '10 metres as one piece and at most 4pcs 10metres joined together as one set', '2 - 3 Metres', '65', '0.18 Watts', '13 Watts', '> 70', '6500 Kelvin', '61.5 Lumens / Watt', '800', '0.99', '110 VAC', NULL, NULL, 'Short Circuit Over Voltage Over temperature Over Current', NULL, NULL, NULL, 'x-Glo-72-110v-1M.GOS', 'x-Glo-72-110V-1M.pdf', 'img.png', 63.23, '2018-09-13 18:13:11', '2018-09-13 18:13:11'),
(23, 'x-Glo-L-12-24vAC', 'x-Glo-L-12-24vAC', 'Epistar', '12 LED\'s spaced evenly over a metre length', '37 metres', '2 - 3 Metres', '67', '0.2 Watts', '2.4 Watts', '> 70', '6500 Kelvin', '75 Lumens / Watt', '180', '0.99', '24 VAC', NULL, NULL, 'Short Circuit Over Voltage Over temperature Over Current', NULL, NULL, NULL, 'x-Glo-L-12-24vAC-1M.IES', 'x-Glo-L-12-24vAC-1M.pdf', 'img.png', 18.3, '2018-09-13 18:13:11', '2018-09-13 18:13:11'),
(24, 'x-Glo-L-18-24vAC', 'x-Glo-L-18-24vAC', 'Epistar', '18 LED\'s spaced evenly over a metre length', '34 metres', '2.5 - 3.5 Metres', '67', '0.2 Watts', '3.6 Watts', '> 70', '6500 Kelvin', '75 Lumens / Watt', '270', '0.99', '24 VAC', NULL, NULL, 'Short Circuit Over Voltage Over temperature Over Current', NULL, NULL, NULL, 'x-Glo-L-18-24vAC-1M.IES', 'x-Glo-L-18-24vAC-1M.pdf', 'img.png', 6.71, '2018-09-13 18:13:11', '2018-09-13 18:13:11'),
(25, 'x-Glo-L-24-24vAC', 'x-Glo-L-24-24vAC', 'Epistar', '24 LED\'s spaced evenly over a metre length', '30 metres', '3 - 4 Metres', '67', '0.2 Watts', '4.8 Watts', '> 70', '6500 Kelvin', '75 Lumens / Watt', '360', '0.99', '24 VAC', NULL, NULL, 'Short Circuit Over Voltage Over temperature Over Current', NULL, NULL, NULL, 'x-Glo-L-24-24vAC-1M.IES', 'x-Glo-L-24-24vAC-1M.pdf', 'img.png', 45.58, '2018-09-13 18:13:11', '2018-09-13 18:13:11'),
(26, 'x-Glo-L-30-24vAC', 'x-Glo-L-30-24vAC', 'Epistar', '30 LED\'s spaced evenly over a metre length', '27 metres', '3.5 - 4.5 Metres', '67', '0.2 Watts', '6 Watts', '> 70', '6500 Kelvin', '75 Lumens / Watt', '450', '0.99', '24 VAC', NULL, NULL, 'Short Circuit Over Voltage Over temperature Over Current', NULL, NULL, NULL, 'x-Glo-L-30-24vAC-1M.IES', 'x-Glo-L-30-24vAC-1M.pdf', 'img.png', 12.45, '2018-09-13 18:13:11', '2018-09-13 18:13:11'),
(27, 'x-Glo-L-36-24vAC', 'x-Glo-L-36-24vAC', 'Epistar', '36 LED\'s spaced evenly over a metre length', '24 metres', '4 - 5 Metres', '67', '0.2 Watts', '7.2 Watts', '> 70', '6500 Kelvin', '75 Lumens / Watt', '540', '0.99', '24 VAC', NULL, NULL, 'Short Circuit Over Voltage Over temperature Over Current', NULL, NULL, NULL, 'x-Glo-L-36-24vAC-1M.IES', 'x-Glo-L-36-24vAC-1M.pdf', 'img.png', 78.4, '2018-09-13 18:13:11', '2018-09-13 18:13:11'),
(28, 'x-Glo-L-60-24vAC', 'x-Glo-L-60-24vAC', 'Epistar', '60 LED\'s spaced evenly over a metre length', '20 metres', '5 - 6 Metres', '67', '0.2 Watts', '12 Watts', '> 70', '6500 Kelvin', '75 Lumens / Watt', '900', '0.99', '24 VAC', NULL, NULL, 'Short Circuit Over Voltage Over temperature Over Current', NULL, NULL, NULL, 'x-Glo-L-60-24vAC-1M.IES', 'x-Glo-L-60-24vAC-1M.pdf', 'img.png', 71.66, '2018-09-13 18:13:11', '2018-09-13 18:13:11'),
(29, 'x-Glo-L-12-24vDC', 'x-Glo-L-12-24vDC', 'Epistar', '12 LED\'s spaced evenly over a metre length', '108 metres', '2 - 3 Metres', '67', '0.2 Watts', '2.5 Watts', '> 70', '6500 Kelvin', '80 Lumens / Watt', '200', '0.99', '24 VDC', '85 - 265 VAC', NULL, 'Short Circuit Over Voltage Over temperature Over Current', '33 @ 2m average', NULL, NULL, NULL, 'x-Glo-L-12-24v.pdf', 'img.png', 42.33, '2018-09-13 18:13:11', '2018-09-13 18:13:11'),
(30, 'x-Glo-L-18-24vDC', 'x-Glo-L-18-24vDC', 'Epistar', '18 LED\'s spaced evenly over a metre length', '80 Metres', '2.5 – 3.5 Metres', '67', '0.2 Watts', '3.6 Watts', '> 70', '6500 Kelvin', '83.33 Lumens / Watt', '300', '0.99', '24 VDC', '85 - 265 VAC', NULL, 'Short Circuit Over Voltage Over temperature Over Current', '42 @ 2m average', NULL, NULL, '', '', 'img.png', 57.1, '2018-09-13 18:13:11', '2018-09-13 18:13:11'),
(31, 'x-Glo-L-24-24vDC', 'x-Glo-L-24-24vDC', 'Epistar', '24 LED\'s spaced evenly over a metre length', '96 metres', '3.4 Metres', '67', '0.2 Watts', '4.8 Watts', '> 70', '6500 Kelvin', '72.92 Lumens / Watt', '350', '0.99', '24 VDC', '85 - 265 VAC', NULL, 'Short Circuit Over Voltage Over temperature Over Current', '48 @ 2m average', NULL, NULL, '', '', 'img.png', 62.35, '2018-09-13 18:13:11', '2018-09-13 18:13:11'),
(32, 'x-Glo-L-30-24vDC', 'x-Glo-L-30-24vDC', 'Epistar', '30 LED\'s spaced evenly over a metre length', '70 metres', '3.5 – 4.5 Metres', '67', '0.2 Watts', '6 Watts', '> 70', '6500 Kelvin', '66.67 Lumens / Watt', '400', '0.99', '24 VDC', '85 - 265 VAC', NULL, 'Short Circuit Over Voltage Over temperature Over Current', '74 @ 2m average', NULL, NULL, '', '', 'img.png', 18.8, '2018-09-13 18:13:11', '2018-09-13 18:13:11'),
(33, 'x-Glo-L-36-24vDC', 'x-Glo-L-36-24vDC', 'Epistar', '36 LED\'s spaced evenly over a metre length', '56 metres', '3.5 – 4.5 Metres', '67', '0.2 Watts', '7.2 Watts', '> 70', '6500 Kelvin', '83.33 Lumens / Watt', '600', '0.99', '24 VDC', '85 - 265 VAC', NULL, 'Short Circuit Over Voltage Over temperature Over Current', '115 @ 2m average', NULL, NULL, '', '', 'img.png', 21.28, '2018-09-13 18:13:11', '2018-09-13 18:13:11'),
(34, 'x-Glo-L-60-24vDC', 'x-Glo-L-60-24vDC', 'Epistar', '60 LED\'s spaced evenly over a metre length', '50 metres', '5 - 6 Metres', '67', '0.2 Watts', '12 Watts', '> 70', '6500 Kelvin', '75 Lumens / Watt', '900', '0.99', '24 VDC', '85 - 265 VAC', NULL, 'Short Circuit Over Voltage Over temperature Over Current', '153 @ 2m average', NULL, NULL, '', '', 'img.png', 93.22, '2018-09-13 18:13:11', '2018-09-13 18:13:11'),
(35, 'x-Glo-L-12-36vAC', 'x-Glo-L-12-36vAC', 'Epistar', '12 LED\'s spaced evenly over a metre length', '68 Metres', '2 - 3 Metres', '67', '0.2 Watts', '2.4 Watts', '> 70', '6500 Kelvin', '50 Lumens / Watt', '120', '0.99', '36 VAC', NULL, NULL, 'Short Circuit Over Voltage Over temperature Over Current', NULL, NULL, NULL, 'x-Glo-L-12-36vAC-1M.IES', 'x-Glo-L-12-36vAC-1M.pdf', 'img.png', 30.52, '2018-09-13 18:13:11', '2018-09-13 18:13:11'),
(36, 'x-Glo-L-18-36vAC', 'x-Glo-L-18-36vAC', 'Epistar', '18 LED\'s spaced evenly over a metre length', '51 metres', '2 - 3 Metres', '67', '0.2 Watts', '3.6 Watts', '> 70', '6500 Kelvin', '75 Lumens / Watt', '270', '0.99', '36 VAC', NULL, NULL, 'Short Circuit Over Voltage Over temperature Over Current', NULL, NULL, NULL, 'x-Glo-L-18-36vAC-1M.IES', 'x-Glo-L-18-36vAC-1M.pdf', 'img.png', 79.35, '2018-09-13 18:13:11', '2018-09-13 18:13:11'),
(37, 'x-Glo-L-24-36vAC', 'x-Glo-L-24-36vAC', 'Epistar', '24 LED\'s spaced evenly over a metre length', '62 Metres', '3 - 4 Metres', '67', '0.2 Watts', '4.8 Watts', '> 70', '6500 Kelvin', '75 Lumens / Watt', '360', '0.99', '36 VAC', NULL, NULL, 'Short Circuit Over Voltage Over temperature Over Current', NULL, NULL, NULL, 'x-Glo-L-24-36vAC-1M.IES', 'x-Glo-L-24-36vAC-1M.pdf', 'img.png', 65.66, '2018-09-13 18:13:11', '2018-09-13 18:13:11'),
(38, 'x-Glo-L-30-36vAC', 'x-Glo-L-30-36vAC', 'Epistar', '30 LED\'s spaced evenly over a metre length', '44 metres', '3.5 - 4.5 Metres', '67', '0.2 Watts', '6 Watts', '> 70', '6500 Kelvin', '75 Lumens / Watt', '450', '0.99', '36 VAC', NULL, NULL, 'Short Circuit Over Voltage Over temperature Over Current', NULL, NULL, NULL, 'x-Glo-L-30-36vAC-1M.IES', 'x-Glo-L-30-36vAC-1M.pdf', 'img.png', 65.4, '2018-09-13 18:13:11', '2018-09-13 18:13:11'),
(39, 'x-Glo-L-36-36vAC', 'x-Glo-L-36-36vAC', 'Epistar', '36 LED\'s spaced evenly over a metre length', '36 metres', '4 - 5 Metres', '67', '0.2 Watts', '7.2 Watts', '> 70', '6500 Kelvin', '75 Lumens / Watt', '540', '0.99', '36 VAC', NULL, NULL, 'Short Circuit Over Voltage Over temperature Over Current', NULL, NULL, NULL, 'x-Glo-L-36-36vAC-1M.IES', 'x-Glo-L-36-36vAC-1M.pdf', 'img.png', 89.85, '2018-09-13 18:13:11', '2018-09-13 18:13:11'),
(40, 'x-Glo-L-60-36vAC', 'x-Glo-L-60-36vAC', 'Epistar', '60 LED\'s spaced evenly over a metre length', '40 metres', '5 - 6 Metres', '67', '0.2 Watts', '12 Watts', '> 70', '6500 Kelvin', '75 Lumens / Watt', '900', '0.99', '36 VAC', NULL, NULL, 'Short Circuit Over Voltage Over temperature Over Current', NULL, NULL, NULL, 'x-Glo-L-60-36vAC-1M.IES', 'x-Glo-L-60-36vAC-1M.pdf', 'img.png', 22.24, '2018-09-13 18:13:11', '2018-09-13 18:13:11'),
(41, 'x-Glo-L-12-36vDC', 'x-Glo-L-12-36vDC', 'Epistar', '12 LED\'s spaced evenly over a metre length', '168 Metres', '2 - 3 Metres', '67', '0.2 Watts', '2.45 Watts', '> 70', '6500 Kelvin', '81.63 Lumens / Watt', '200', '0.99', '36 VDC', '85 - 265 VAC', NULL, 'Short Circuit Over Voltage Over temperature Over Current', '33 @ 2m average', NULL, NULL, '', '', 'img.png', 41.67, '2018-09-13 18:13:11', '2018-09-13 18:13:11'),
(42, 'x-Glo-L-18-36vDC', 'x-Glo-L-18-36vDC', 'Epistar', '18 LED\'s spaced evenly over a metre length', '126 Metres', '2.5 – 3.5 Metres', '67', '0.18 Watts', '3.30 Watts', '> 70', '6500 Kelvin', '90.91 Lumens / Watt', '300', '0.99', '36 VDC', '85 - 265 VAC', NULL, 'Short Circuit Over Voltage Over temperature Over Current', '42 @ 2m average', NULL, NULL, '', '', 'img.png', 18.2, '2018-09-13 18:13:11', '2018-09-13 18:13:11'),
(43, 'x-Glo-L-24-36vDC', 'x-Glo-L-24-36vDC', 'Epistar', '24 LED\'s spaced evenly over a metre length', '152 Metres', '3 – 4 Metres', '67', '0.15 Watts', '3.6 Watts', '> 70', '6500 Kelvin', '97.22 Lumens / Watt', '350', '0.99', '36 VDC', '85 - 265 VAC', NULL, 'Short Circuit Over Voltage Over temperature Over Current', '48 @ 2m average', NULL, NULL, '', '', 'img.png', 27.15, '2018-09-13 18:13:11', '2018-09-13 18:13:11'),
(44, 'x-Glo-L-30-36vDC', 'x-Glo-L-30-36vDC', 'Epistar', '30 LED\'s spaced evenly over a metre length', '110 metres', '3.5 – 4.5 Metres', '67', '0.15 Watts', '4.40 Watts', '> 70', '6500 Kelvin', '90.9 Lumens / Watt', '400', '0.99', '36 VDC', '85 - 265 VAC', NULL, 'Short Circuit Over Voltage Over temperature Over Current', '74 @ 2m average', NULL, NULL, '', '', 'img.png', 3.59, '2018-09-13 18:13:11', '2018-09-13 18:13:11'),
(45, 'x-Glo-L-36-36vDC', 'x-Glo-L-36-36vDC', 'Epistar', '36 LED\'s spaced evenly over a metre length', '90 Metres', '4 - 5 Metres', '67', '0.15 Watts', '5.5 Watts', '> 70', '6500 Kelvin', '109.09 Lumens / Watt', '600', '0.99', '36 VDC', '85 - 265 VAC', NULL, 'Short Circuit Over Voltage Over temperature Over Current', '115 @ 2m average', NULL, NULL, '', '', 'img.png', 59.88, '2018-09-13 18:13:11', '2018-09-13 18:13:11'),
(46, 'x-Glo-L-60-36vDC', 'x-Glo-L-60-36vDC', 'Epistar', '60 LED\'s spaced evenly over a metre length', '80 Metres', '5 - 6 Metres', '67', '0.15 Watts', '9.00 Watts', '> 70', '6500 Kelvin', '100 Lumens / Watt', '900', '0.99', '36 VDC', '85 - 265 VAC', NULL, 'Short Circuit Over Voltage Over temperature Over Current', '153 @ 2m average', NULL, NULL, '', '', 'img.png', 16.13, '2018-09-13 18:13:11', '2018-09-13 18:13:11'),
(47, 'x-Glo-S-12-24vAC', 'x-Glo-S-12-24vAC', 'Epistar', '12 LED\'s spaced evenly over a metre length', '37 metres', '2 - 3 Metres', '65', '0.2 Watts', '2.4 Watts', '> 70', '6500 Kelvin', '75 Lumens / Watt', '180', '0.99', NULL, NULL, '24 VAC', 'Short Circuit Over Voltage Over temperature Over Current', NULL, NULL, NULL, NULL, NULL, 'img.png', 46.1, '2018-09-13 18:13:11', '2018-09-13 18:13:11'),
(48, 'x-Glo-S-18-24vAC', 'x-Glo-S-18-24vAC', 'Epistar', '18 LED\'s spaced evenly over a metre length', '34 metres', '2 - 3 Metres', '65', '0.2 Watts', '3.6 Watts', '> 70', '6500 Kelvin', '75 Lumens / Watt', '270', '0.99', NULL, NULL, '24 VAC', 'Short Circuit Over Voltage Over temperature Over Current', NULL, NULL, NULL, NULL, NULL, 'img.png', 8.24, '2018-09-13 18:13:11', '2018-09-13 18:13:11'),
(49, 'x-Glo-S-24-24vAC', 'x-Glo-S-24-24vAC', 'Epistar', '24 LED\'s spaced evenly over a metre length', '30 metres', '2 - 3 Metres', '65', '0.2 Watts', '4.8 Watts', '> 70', '6500 Kelvin', '75 Lumens / Watt', '360', '0.99', NULL, NULL, '24 VAC', 'Short Circuit Over Voltage Over temperature Over Current', NULL, NULL, NULL, NULL, NULL, 'img.png', 52.79, '2018-09-13 18:13:11', '2018-09-13 18:13:11'),
(50, 'x-Glo-S-30-24vAC', 'x-Glo-S-30-24vAC', 'Epistar', '30 LED\'s spaced evenly over a metre length', '27 metres', '2 - 3 Metres', '65', '0.2 Watts', '6 Watts', '> 70', '6500 Kelvin', '75 Lumens / Watt', '450', '0.99', NULL, NULL, '24 VAC', 'Short Circuit Over Voltage Over temperature Over Current', NULL, NULL, NULL, NULL, NULL, 'img.png', 89.19, '2018-09-13 18:13:11', '2018-09-13 18:13:11'),
(51, 'x-Glo-S-36-24vAC', 'x-Glo-S-36-24vAC', 'Epistar', '36 LED\'s spaced evenly over a metre length', '24 metres', '2 - 3 Metres', '65', '0.2 Watts', '7.2 Watts', '> 70', '6500 Kelvin', '75 Lumens / Watt', '540', '0.99', NULL, NULL, '24 VAC', 'Short Circuit Over Voltage Over temperature Over Current', NULL, NULL, NULL, NULL, NULL, 'img.png', 39.18, '2018-09-13 18:13:11', '2018-09-13 18:13:11'),
(52, 'x-Glo-S-60-24vAC', 'x-Glo-S-60-24vAC', 'Epistar', '60 LED\'s spaced evenly over a metre length', '20 metres', '2 - 3 Metres', '65', '0.2 Watts', '12 Watts', '> 70', '6500 Kelvin', '75 Lumens / Watt', '900', '0.99', NULL, NULL, '24 VAC', 'Short Circuit Over Voltage Over temperature Over Current', NULL, NULL, NULL, NULL, NULL, 'img.png', 67.31, '2018-09-13 18:13:11', '2018-09-13 18:13:11'),
(53, 'x-Glo-S-12-24vDC', 'x-Glo-S-12-24vDC', 'Epistar', '12 LED\'s spaced evenly over a metre length', '108 metres', '2 - 3 Metres', '67', '0.2 Watts', '2.5 Watts', '> 70', '6500 Kelvin', '80 Lumens / Watt', '200', '0.99', '24 VDC', '85 - 265 VAC', NULL, 'Short Circuit Over Voltage Over temperature Over Current', '33 @ 2m average', NULL, NULL, NULL, NULL, 'img.png', 49.8, '2018-09-13 18:13:11', '2018-09-13 18:13:11'),
(54, 'x-Glo-S-18-24vDC', 'x-Glo-S-18-24vDC', 'Epistar', '18 LED\'s spaced evenly over a metre length', '80 Metres', '2.5 – 3.5 Metres', '67', '0.2 Watts', '3.6 Watts', '> 70', '6500 Kelvin', '83.33 Lumens / Watt', '300', '0.99', '24 VDC', '85 - 265 VAC', NULL, 'Short Circuit Over Voltage Over temperature Over Current', '42 @ 2m average', NULL, NULL, NULL, NULL, 'img.png', 62.2, '2018-09-13 18:13:11', '2018-09-13 18:13:11'),
(55, 'x-Glo-S-24-24vDC', 'x-Glo-S-24-24vDC', 'Epistar', '24 LED\'s spaced evenly over a metre length', '96 metres', '3.4 Metres', '67', '0.2 Watts', '4.8 Watts', '> 70', '6500 Kelvin', '72.92 Lumens / Watt', '350', '0.99', '24 VDC', '85 - 265 VAC', NULL, 'Short Circuit Over Voltage Over temperature Over Current', '48 @ 2m average', NULL, NULL, NULL, NULL, 'img.png', 5.1, '2018-09-13 18:13:11', '2018-09-13 18:13:11'),
(56, 'x-Glo-S-30-24vDC', 'x-Glo-S-30-24vDC', 'Epistar', '30 LED\'s spaced evenly over a metre length', '70 metres', '3.5 – 4.5 Metres', '67', '0.2 Watts', '6 Watts', '> 70', '6500 Kelvin', '66.67 Lumens / Watt', '400', '0.99', '24 VDC', '85 - 265 VAC', NULL, 'Short Circuit Over Voltage Over temperature Over Current', '74 @ 2m average', NULL, NULL, NULL, NULL, 'img.png', 82.99, '2018-09-13 18:13:11', '2018-09-13 18:13:11'),
(57, 'x-Glo-S-36-24vDC', 'x-Glo-S-36-24vDC', 'Epistar', '36 LED\'s spaced evenly over a metre length', '56 metres', '3.5 – 4.5 Metres', '67', '0.2 Watts', '7.2 Watts', '> 70', '6500 Kelvin', '83.33 Lumens / Watt', '600', '0.99', '24 VDC', '85 - 265 VAC', NULL, NULL, '115 @ 2m average', NULL, NULL, NULL, NULL, 'img.png', 79.53, '2018-09-13 18:13:11', '2018-09-13 18:13:11'),
(58, 'x-Glo-S-60-24vDC', 'x-Glo-S-60-24vDC', 'Epistar', '60 LED\'s spaced evenly over a metre length', '50 metres', '5 - 6 Metres', '67', '0.2 Watts', '12 Watts', '> 70', '6500 Kelvin', '75 Lumens / Watt', '900', '0.99', '24 VDC', '85 - 265 VAC', NULL, 'Short Circuit Over Voltage Over temperature Over Current', '153 @ 2m average', NULL, NULL, NULL, NULL, 'img.png', 38.6, '2018-09-13 18:13:11', '2018-09-13 18:13:11'),
(59, 'x-Glo-S-12-36vAC', 'x-Glo-S-12-36vAC', 'Epistar', '12 LED\'s spaced evenly over a metre length', '68 Metres', '2 - 3 Metres', '65', '0.2 Watts', '2.4 Watts', '> 70', '6500 Kelvin', '50 Lumens / Watt', '120', '0.99', NULL, NULL, '36 VAC', 'Short Circuit Over Voltage Over temperature Over Current', NULL, NULL, NULL, NULL, NULL, 'img.png', 37.48, '2018-09-13 18:13:11', '2018-09-13 18:13:11'),
(60, 'x-Glo-S-18-36vAC', 'x-Glo-S-18-36vAC', 'Epistar', '18 LED\'s spaced evenly over a metre length', '51 metres', '2 - 3 Metres', '65', '0.2 Watts', '3.6 Watts', '> 70', '6500 Kelvin', '75 Lumens / Watt', '270', '0.99', NULL, NULL, '36 VAC', NULL, NULL, NULL, NULL, NULL, NULL, 'img.png', 66.94, '2018-09-13 18:13:11', '2018-09-13 18:13:11'),
(61, 'x-Glo-S-24-36vAC', 'x-Glo-S-24-36vAC', 'Epistar', '24 LED\'s spaced evenly over a metre length', '62 Metres', '2 - 3 Metres', '65', '0.2 Watts', '4.8 Watts', '> 70', '6500 Kelvin', '75 Lumens / Watt', '360', '0.99', NULL, NULL, '36 VAC', 'Short Circuit Over Voltage Over temperature Over Current', NULL, NULL, NULL, NULL, NULL, 'img.png', 98.12, '2018-09-13 18:13:11', '2018-09-13 18:13:11'),
(62, 'x-Glo-S-30-36vAC', 'x-Glo-S-30-36vAC', 'Epistar', '30 LED\'s spaced evenly over a metre length', '44 metres', '2 - 3 Metres', '65', '0.2 Watts', '6 Watts', '> 70', '6500 Kelvin', '75 Lumens / Watt', '450', '0.99', NULL, NULL, '36 VAC', 'Short Circuit Over Voltage Over temperature Over Current', NULL, NULL, NULL, NULL, NULL, 'img.png', 12.95, '2018-09-13 18:13:11', '2018-09-13 18:13:11'),
(63, 'x-Glo-S-36-36vAC', 'x-Glo-S-36-36vAC', 'Epistar', '36 LED\'s spaced evenly over a metre length', '36 metres', '2 - 3 Metres', '65', '0.2 Watts', '7.2 Watts', '> 70', '6500 Kelvin', '75 Lumens / Watt', '540', '0.99', NULL, NULL, '36 VAC', 'Short Circuit Over Voltage Over temperature Over Current', NULL, NULL, NULL, NULL, NULL, 'img.png', 51.18, '2018-09-13 18:13:11', '2018-09-13 18:13:11'),
(64, 'x-Glo-S-60-36vAC', 'x-Glo-S-60-36vAC', 'Epistar', '60 LED\'s spaced evenly over a metre length', '40 metres', '2 - 3 Metres', '65', '0.2 Watts', '12 Watts', '> 70', '6500 Kelvin', '75 Lumens / Watt', '900', '0.99', NULL, NULL, '24 VAC', 'Short Circuit Over Voltage Over temperature Over Current', NULL, NULL, NULL, NULL, NULL, 'img.png', 95.97, '2018-09-13 18:13:11', '2018-09-13 18:13:11'),
(65, 'x-Glo-S-12-36vDC', 'x-Glo-S-12-36vDC', 'Epistar', '12 LED\'s spaced evenly over a metre length', '168 Metres', '2 - 3 Metres', '67', '0.20 Watts', '2.45 Watts', '> 70', '6500 Kelvin', '81.63 Lumens / Watt', '200', '0.99', '36 VDC', '85 - 265 VAC', NULL, 'Short Circuit Over Voltage Over temperature Over Current', '33 @ 2m average', NULL, NULL, NULL, NULL, 'img.png', 100.25, '2018-09-13 18:13:11', '2018-09-13 18:13:11'),
(66, 'x-Glo-S-18-36vDC', 'x-Glo-S-18-36vDC', 'Epistar', '18 LED\'s spaced evenly over a metre length', '126 Metres', '2.5 – 3.5 Metres', '67', '0.18 Watts', '3.30 Watts', '> 70', '6500 Kelvin', '90.91 Lumens / Watt', '300', '0.99', '36 VDC', '85 - 265 VAC', NULL, 'Short Circuit Over Voltage Over temperature Over Current', '42 @ 2m average', NULL, NULL, NULL, NULL, 'img.png', 11.58, '2018-09-13 18:13:11', '2018-09-13 18:13:11'),
(67, 'x-Glo-S-24-36vDC', 'x-Glo-S-24-36vDC', 'Epistar', '24 LED\'s spaced evenly over a metre length', '152 Metres', '3 – 4 Metres', '67', '0.15 Watts', '3.6 Watts', '> 70', '6500 Kelvin', '97.22 Lumens / Watt', '350', '0.99', '36 VDC', '85 - 265 VAC', NULL, 'Short Circuit Over Voltage Over temperature Over Current', '48 @ 2m average', NULL, NULL, NULL, NULL, 'img.png', 6.92, '2018-09-13 18:13:11', '2018-09-13 18:13:11'),
(68, 'x-Glo-S-30-36vDC', 'x-Glo-S-30-36vDC', 'Epistar', '30 LED\'s spaced evenly over a metre length', '110 metres', '3.5 – 4.5 Metres', '67', '0.15 Watts', '4.40 Watts', '> 70', '6500 Kelvin', '90.9 Lumens / Watt', '400', '0.99', '36 VDC', '85 - 265 VAC', NULL, 'Short Circuit Over Voltage Over temperature Over Current', '74 @ 2m average', NULL, NULL, NULL, NULL, 'img.png', 30.9, '2018-09-13 18:13:11', '2018-09-13 18:13:11'),
(69, 'x-Glo-S-36-36vDC', 'x-Glo-S-36-36vDC', 'Epistar', '36 LED\'s spaced evenly over a metre length', '90 Metres', '4 - 5 Metres', '67', '0.15 Watts', '5.5 Watts', '> 70', '6500 Kelvin', '109.09 Lumens / Watt', '600', '0.99', '36 VDC', '85 - 265 VAC', NULL, 'Short Circuit Over Voltage Over temperature Over Current', '115 @ 2m average', NULL, NULL, NULL, NULL, 'img.png', 99.2, '2018-09-13 18:13:11', '2018-09-13 18:13:11'),
(70, 'x-Glo-S-60-36vDC', 'x-Glo-S-60-36vDC', 'Epistar', '60 LED\'s spaced evenly over a metre length', '80 Metres', '5 - 6 Metres', '67', '0.15 Watts', '9.00 Watts', '> 70', '6500 Kelvin', '100 Lumens / Watt', '900', '0.99', '36 VDC', '85 - 265 VAC', NULL, 'Short Circuit Over Voltage Over temperature Over Current', '153 @ 2m average', NULL, NULL, NULL, NULL, 'img.png', 9.73, '2018-09-13 18:13:11', '2018-09-13 18:13:11'),
(71, 'x-Glo-SCK', 'x-Glo-SCK', NULL, NULL, NULL, NULL, NULL, NULL, NULL, NULL, NULL, NULL, NULL, NULL, NULL, NULL, NULL, NULL, NULL, 'Snap Connector Kit with End cap', '3m cable & 01/02 connector & end cap', NULL, NULL, 'img.png', 19.11, '2018-09-13 18:13:11', '2018-09-13 18:13:11'),
(72, 'x-Glo-SFCK', 'x-Glo-SFCK', NULL, NULL, NULL, NULL, NULL, NULL, NULL, NULL, NULL, NULL, NULL, NULL, NULL, NULL, NULL, NULL, NULL, 'Snap Front End Connector Kit without End cap', '3m cable & 01/02 connector & end cap', NULL, NULL, 'img.png', 24.53, '2018-09-13 18:13:12', '2018-09-13 18:13:12'),
(73, 'x-Glo-01C', 'x-Glo-01C', NULL, NULL, NULL, NULL, NULL, NULL, NULL, NULL, NULL, NULL, NULL, NULL, NULL, NULL, NULL, NULL, NULL, '01 Snap Connector', '01 Snap Connector with 3 meter cable', NULL, NULL, 'img.png', 29.49, '2018-09-13 18:13:12', '2018-09-13 18:13:12'),
(74, 'x-Glo-02C', 'x-Glo-02C', NULL, NULL, NULL, NULL, NULL, NULL, NULL, NULL, NULL, NULL, NULL, NULL, NULL, NULL, NULL, NULL, NULL, '02 Snap Connector', '02 Snap Connector with 3 meter cable', NULL, NULL, 'img.png', 16.69, '2018-09-13 18:13:12', '2018-09-13 18:13:12'),
(75, 'x-Glo-SEC', 'x-Glo-SEC', NULL, NULL, NULL, NULL, NULL, NULL, NULL, NULL, NULL, NULL, NULL, NULL, NULL, NULL, NULL, NULL, NULL, 'Snap End Cap', 'Snap End Cap (IP 67)', NULL, NULL, 'img.png', 70.34, '2018-09-13 18:13:12', '2018-09-13 18:13:12'),
(76, 'x-Glo-QCK', 'x-Glo-QCK', NULL, NULL, NULL, NULL, NULL, NULL, NULL, NULL, NULL, NULL, NULL, NULL, NULL, NULL, NULL, NULL, NULL, 'Quick Connect Kit', 'Female & Male quick connector with terminator cap', NULL, NULL, 'img.png', 99.8, '2018-09-13 18:13:12', '2018-09-13 18:13:12'),
(77, 'x-Glo-FQC', 'x-Glo-FQC', NULL, NULL, NULL, NULL, NULL, NULL, NULL, NULL, NULL, NULL, NULL, NULL, NULL, NULL, NULL, NULL, NULL, 'Female Quick Connect', 'Female Quick Connect', NULL, NULL, 'img.png', 94.93, '2018-09-13 18:13:12', '2018-09-13 18:13:12'),
(78, 'x-Glo-MQC', 'x-Glo-MQC', NULL, NULL, NULL, NULL, NULL, NULL, NULL, NULL, NULL, NULL, NULL, NULL, NULL, NULL, NULL, NULL, NULL, 'Male Quick Connect', 'Male Quick Connect', NULL, NULL, 'img.png', 13.99, '2018-09-13 18:13:12', '2018-09-13 18:13:12'),
(79, 'x-Glo-QTC', 'x-Glo-QTC', NULL, NULL, NULL, NULL, NULL, NULL, NULL, NULL, NULL, NULL, NULL, NULL, NULL, NULL, NULL, NULL, NULL, 'Quick Terminator', 'Terminator Cap', NULL, NULL, 'img.png', 49.35, '2018-09-13 18:13:12', '2018-09-13 18:13:12'),
(80, 'x-Glo-3-FBK', 'x-Glo-3-FBK', NULL, NULL, NULL, NULL, NULL, NULL, NULL, NULL, NULL, NULL, NULL, NULL, NULL, NULL, NULL, NULL, NULL, 'Snap Connector and Fuse Box Kit', 'Snap connector & Fuse Box & 3m cable', NULL, NULL, 'img.png', 2.56, '2018-09-13 18:13:12', '2018-09-13 18:13:12'),
(81, 'x-Glo-ICC', 'x-Glo-ICC', NULL, NULL, NULL, NULL, NULL, NULL, NULL, NULL, NULL, NULL, NULL, NULL, NULL, NULL, NULL, NULL, NULL, 'Inter Connector Kit', 'Inter connector for High Voltage', NULL, NULL, 'img.png', 29.11, '2018-09-13 18:13:12', '2018-09-13 18:13:12'),
(82, 'x-Glo-STC', 'x-Glo-STC', NULL, NULL, NULL, NULL, NULL, NULL, NULL, NULL, NULL, NULL, NULL, NULL, NULL, NULL, NULL, NULL, NULL, 'Snap T Connector IP67', 'Snap On T Connector', NULL, NULL, 'img.png', 30.27, '2018-09-13 18:13:12', '2018-09-13 18:13:12'),
(83, 'x-Glo-SLC', 'x-Glo-SLC', NULL, NULL, NULL, NULL, NULL, NULL, NULL, NULL, NULL, NULL, NULL, NULL, NULL, NULL, NULL, NULL, NULL, 'Snap L Connector IP67', 'Snap on L Connector', NULL, NULL, 'img.png', 7.11, '2018-09-13 18:13:12', '2018-09-13 18:13:12'),
(84, 'x-Glo-SLC', 'x-Glo-SLC', NULL, NULL, NULL, NULL, NULL, NULL, NULL, NULL, NULL, NULL, NULL, NULL, NULL, NULL, NULL, NULL, NULL, 'Snap Middle/Repair Kit IP67', 'Snap Middle/Repair', NULL, NULL, 'img.png', 98.18, '2018-09-13 18:13:12', '2018-09-13 18:13:12'),
(85, 'x-Glo-AC', 'x-Glo-AC', NULL, NULL, NULL, NULL, NULL, NULL, NULL, NULL, NULL, NULL, NULL, NULL, NULL, NULL, NULL, NULL, NULL, 'Aluminium Channel', '1 meter aluminium channel & 5 screws', NULL, NULL, 'img.png', 62.21, '2018-09-13 18:13:12', '2018-09-13 18:13:12'),
(86, 'x-Glo-RC', 'x-Glo-RC', NULL, NULL, NULL, NULL, NULL, NULL, NULL, NULL, NULL, NULL, NULL, NULL, NULL, NULL, NULL, NULL, NULL, 'Remote and controller', 'Remote & controller for chasing solution', NULL, NULL, 'img.png', 67.45, '2018-09-13 18:13:12', '2018-09-13 18:13:12'),
(87, 'x-Glo-SCK-3W', 'x-Glo-SCK-3W', NULL, NULL, NULL, NULL, NULL, NULL, NULL, NULL, NULL, NULL, NULL, NULL, NULL, NULL, NULL, NULL, NULL, 'Snap Connector Kit with End cap 3 wire', 'x-Glo-SCK-3W Snap Connector Kit with End cap 3 wire 3m cable with 01 and 02 connector & end cap for 3 wire connection', NULL, NULL, 'img.png', 29.6, '2018-09-13 18:13:12', '2018-09-13 18:13:12'),
(88, 'x-Glo-SCK-4W', 'x-Glo-SCK-4W', NULL, NULL, NULL, NULL, NULL, NULL, NULL, NULL, NULL, NULL, NULL, NULL, NULL, NULL, NULL, NULL, NULL, 'Snap Connector Kit with End cap 4 wire', '3m cable with 01 and 02 connector & end cap for 4 wire connection', NULL, NULL, 'img.png', 77.61, '2018-09-13 18:13:12', '2018-09-13 18:13:12'),
(89, 'x-Glo-SFCK-3W', 'x-Glo-SFCK-3W', NULL, NULL, NULL, NULL, NULL, NULL, NULL, NULL, NULL, NULL, NULL, NULL, NULL, NULL, NULL, NULL, NULL, 'Snap Front End Connector Kit without End cap 3 wire', '3m cable with 01 and 02 connector without end cap for 3 wire connection', NULL, NULL, 'img.png', 6.5, '2018-09-13 18:13:12', '2018-09-13 18:13:12'),
(90, 'x-Glo-SFCK-4W', 'x-Glo-SFCK-4W', NULL, NULL, NULL, NULL, NULL, NULL, NULL, NULL, NULL, NULL, NULL, NULL, NULL, NULL, NULL, NULL, NULL, 'Snap Front End Connector Kit without End cap 4 wire', '3m cable with 01 and 02 connector without end cap for 4 wire connection', NULL, NULL, 'img.png', 84.73, '2018-09-13 18:13:12', '2018-09-13 18:13:12'),
(91, 'x-Glo-01C-SEC', 'x-Glo-01C-SEC', NULL, NULL, NULL, NULL, NULL, NULL, NULL, NULL, NULL, NULL, NULL, NULL, NULL, NULL, NULL, NULL, NULL, '01 Front Snap Connector with Snap End Cap', '01 Front Snap Connector with 3 meter cable', NULL, NULL, 'img.png', 75.1, '2018-09-13 18:13:12', '2018-09-13 18:13:12'),
(92, 'x-Glo-02C-SEC', 'x-Glo-02C-SEC', NULL, NULL, NULL, NULL, NULL, NULL, NULL, NULL, NULL, NULL, NULL, NULL, NULL, NULL, NULL, NULL, NULL, '02 End Snap Connector with Snap End Cap', '02 End Snap Connector with 3 meter cable', NULL, NULL, 'img.png', 11.36, '2018-09-13 18:13:12', '2018-09-13 18:13:12'),
(93, 'x-Glo-01C-3W', 'x-Glo-01C-3W', NULL, NULL, NULL, NULL, NULL, NULL, NULL, NULL, NULL, NULL, NULL, NULL, NULL, NULL, NULL, NULL, NULL, '01 Front Snap Connector 3 wire', '01 Front Snap Connector with 3 meter cable for 3 wire connection', NULL, NULL, 'img.png', 77.89, '2018-09-13 18:13:12', '2018-09-13 18:13:12'),
(94, 'x-Glo-02C-3W', 'x-Glo-02C-3W', NULL, NULL, NULL, NULL, NULL, NULL, NULL, NULL, NULL, NULL, NULL, NULL, NULL, NULL, NULL, NULL, NULL, '02 End Snap Connector 3 wire', '02 End Snap Connector with 3 meter cable for 3 wire connection', NULL, NULL, 'img.png', 29.51, '2018-09-13 18:13:12', '2018-09-13 18:13:12'),
(95, 'x-Glo-01C-4W', 'x-Glo-01C-4W', NULL, NULL, NULL, NULL, NULL, NULL, NULL, NULL, NULL, NULL, NULL, NULL, NULL, NULL, NULL, NULL, NULL, '01 Front Snap Connector 4 wire', '01 Front Snap Connector with 3 meter cable for 4 wire connection', NULL, NULL, 'img.png', 47.35, '2018-09-13 18:13:12', '2018-09-13 18:13:12'),
(96, 'x-Glo-02C-4W', 'x-Glo-02C-4W', NULL, NULL, NULL, NULL, NULL, NULL, NULL, NULL, NULL, NULL, NULL, NULL, NULL, NULL, NULL, NULL, NULL, '02 End Snap Connector 4 wire', '02 End Snap Connector with 3 meter cable for 4 wire connection', NULL, NULL, 'img.png', 61.8, '2018-09-13 18:13:12', '2018-09-13 18:13:12'),
(97, 'x-Glo-01C-SEC-4W', 'x-Glo-01C-SEC-4W', NULL, NULL, NULL, NULL, NULL, NULL, NULL, NULL, NULL, NULL, NULL, NULL, NULL, NULL, NULL, NULL, NULL, '01 Front Snap Connector with Snap End Cap 4 wire', '01 Front Snap Connector with 3 meter cable for 4 wire connection', NULL, NULL, 'img.png', 90.31, '2018-09-13 18:13:12', '2018-09-13 18:13:12'),
(98, 'x-Glo-02C-SEC-4W', 'x-Glo-02C-SEC-4W', NULL, NULL, NULL, NULL, NULL, NULL, NULL, NULL, NULL, NULL, NULL, NULL, NULL, NULL, NULL, NULL, NULL, '02 End Snap Connector with Snap End Cap 4 wire', '02 End Snap Connector with 3 meter cable for 4 wire connection', NULL, NULL, 'img.png', 69.47, '2018-09-13 18:13:12', '2018-09-13 18:13:12'),
(99, 'x-Glo-STC-3W', 'x-Glo-STC-3W', NULL, NULL, NULL, NULL, NULL, NULL, NULL, NULL, NULL, NULL, NULL, NULL, NULL, NULL, NULL, NULL, NULL, 'Snap T Connector IP67 3 wire', 'Snap On T Connector for 3 wire connection', NULL, NULL, 'img.png', 29.14, '2018-09-13 18:13:12', '2018-09-13 18:13:12'),
(100, 'x-Glo-STC-4W', 'x-Glo-STC-4W', NULL, NULL, NULL, NULL, NULL, NULL, NULL, NULL, NULL, NULL, NULL, NULL, NULL, NULL, NULL, NULL, NULL, 'Snap T Connector IP67 4 wire', 'Snap On T Connector for 4 wire connection', NULL, NULL, 'img.png', 70.64, '2018-09-13 18:13:12', '2018-09-13 18:13:12'),
(101, 'x-Glo-SLC-3W', 'x-Glo-SLC-3W', NULL, NULL, NULL, NULL, NULL, NULL, NULL, NULL, NULL, NULL, NULL, NULL, NULL, NULL, NULL, NULL, NULL, 'Snap L Connector IP67 3W', 'Snap on L Connector for 3 wire connection', NULL, NULL, 'img.png', 33.34, '2018-09-13 18:13:12', '2018-09-13 18:13:12'),
(102, 'x-Glo-SLC-4W', 'x-Glo-SLC-4W', NULL, NULL, NULL, NULL, NULL, NULL, NULL, NULL, NULL, NULL, NULL, NULL, NULL, NULL, NULL, NULL, NULL, 'Snap L Connector IP67 4W', 'Snap on L Connector for 4 wire connection', NULL, NULL, 'img.png', 31.19, '2018-09-13 18:13:12', '2018-09-13 18:13:12'),
(103, 'x-Glo-SRC-3W', 'x-Glo-SRC-3W', NULL, NULL, NULL, NULL, NULL, NULL, NULL, NULL, NULL, NULL, NULL, NULL, NULL, NULL, NULL, NULL, NULL, 'Snap Middle/Repair Kit IP67 3 wire', 'Snap Middle/Repair Kit for 3 wire connection', NULL, NULL, 'img.png', 32.38, '2018-09-13 18:13:12', '2018-09-13 18:13:12'),
(104, 'x-Glo-SRC-4W', 'x-Glo-SRC-4W', NULL, NULL, NULL, NULL, NULL, NULL, NULL, NULL, NULL, NULL, NULL, NULL, NULL, NULL, NULL, NULL, NULL, 'Snap Middle/Repair Kit IP67 4 wire', 'Snap Middle/Repair Kit for 4 wire connection', NULL, NULL, 'img.png', 42.49, '2018-09-13 18:13:12', '2018-09-13 18:13:12'),
(105, 'x-Glo-PC', 'x-Glo-PC', NULL, NULL, NULL, NULL, NULL, NULL, NULL, NULL, NULL, NULL, NULL, NULL, NULL, NULL, NULL, NULL, NULL, 'Plastic Channel', '1 meter plastic channel & 5 screws', NULL, NULL, 'img.png', 71.47, '2018-09-13 18:13:12', '2018-09-13 18:13:12'),
(106, 'x-Glo-SPC01', 'x-Glo-SPC01', NULL, NULL, NULL, NULL, NULL, NULL, NULL, NULL, NULL, NULL, NULL, NULL, NULL, NULL, NULL, NULL, NULL, 'Pulsating Solution Snap Connector', '01 Snap Pulsating Connector with 3m cable (IP67)', NULL, NULL, 'img.png', 96.22, '2018-09-13 18:13:12', '2018-09-13 18:13:12'),
(107, 'x-Glo-SPC02', 'x-Glo-SPC02', NULL, NULL, NULL, NULL, NULL, NULL, NULL, NULL, NULL, NULL, NULL, NULL, NULL, NULL, NULL, NULL, NULL, 'Pulsating Solution Snap Connector', '02 Snap Pulsating Connector with 3m cable (IP67)', NULL, NULL, 'img.png', 46.37, '2018-09-13 18:13:12', '2018-09-13 18:13:12'),
(108, 'x-Glo-SPEC', 'x-Glo-SPEC', NULL, NULL, NULL, NULL, NULL, NULL, NULL, NULL, NULL, NULL, NULL, NULL, NULL, NULL, NULL, NULL, NULL, 'Snap Pulsating End Cap', 'Snap End Cap for Pulsating solution', NULL, NULL, 'img.png', 41.83, '2018-09-13 18:13:12', '2018-09-13 18:13:12'),
(109, 'x-Glo-SPCK', 'x-Glo-SPCK', NULL, NULL, NULL, NULL, NULL, NULL, NULL, NULL, NULL, NULL, NULL, NULL, NULL, NULL, NULL, NULL, NULL, 'Snap Pulsating Connector Kit', '01 and 02 Snap Pulsating Connector with 3 meter cable and Snap Pulsating End Cap', NULL, NULL, 'img.png', 9.95, '2018-09-13 18:13:12', '2018-09-13 18:13:12'),
(110, 'x-Glo-E27', 'x-Glo-E27', NULL, NULL, NULL, NULL, NULL, NULL, NULL, NULL, NULL, NULL, NULL, NULL, NULL, NULL, NULL, NULL, NULL, 'E27 connector kit', 'E27 Power Connector with Snap End Cap and Snap Front Connector assembled on AC Long Range LED Light strip', NULL, NULL, 'img.png', 35.2, '2018-09-13 18:13:12', '2018-09-13 18:13:12'),
(111, 'x-Glo-Demo-Case', 'x-Glo-Demo-Case', NULL, NULL, NULL, NULL, NULL, NULL, NULL, NULL, NULL, NULL, NULL, NULL, NULL, NULL, NULL, NULL, NULL, 'Demonstration Kit', '1.2m of each LED option mounted in Aluminium travel case', NULL, NULL, 'img.png', 21.91, '2018-09-13 18:13:12', '2018-09-13 18:13:12');

-- --------------------------------------------------------

--
-- Table structure for table `users`
--

CREATE TABLE `users` (
  `id` int(10) UNSIGNED NOT NULL,
  `name` varchar(191) COLLATE utf8mb4_unicode_ci NOT NULL,
  `email` varchar(191) COLLATE utf8mb4_unicode_ci NOT NULL,
  `password` varchar(191) COLLATE utf8mb4_unicode_ci NOT NULL,
  `remember_token` varchar(100) COLLATE utf8mb4_unicode_ci DEFAULT NULL,
  `created_at` timestamp NULL DEFAULT NULL,
  `updated_at` timestamp NULL DEFAULT NULL
) ENGINE=InnoDB DEFAULT CHARSET=utf8mb4 COLLATE=utf8mb4_unicode_ci;

--
-- Dumping data for table `users`
--

INSERT INTO `users` (`id`, `name`, `email`, `password`, `remember_token`, `created_at`, `updated_at`) VALUES
(1, 'Zane', 'zane13smith@gmail.com', '$2y$10$d.4ZgwYcuXOXxKgo.U.Cy.Ci.bY.OzdCcR2/cnVnwRm61pQg/71Li', 'fR51SVObZEAKVTy60dpZiWiV86zS2cCGLIFCwFasQbnSVEQsU6DiUIkK2q4d', '2018-09-01 16:35:29', '2018-09-01 16:35:29'),
(2, 'james', 'james@gmail.com', '$2y$10$aMPNUNPZptrBqJrftFgdH.Sz1CFkXSC/nzYxMtSB9jb0R5OjrUZuW', 'rGUUURpkW1Uzf36Z3BlCsUlgOZ2K5qwCOuh14vSfMtVveKOKymTjouNE8BCn', '2018-09-14 03:49:07', '2018-09-14 03:49:07'),
(4, 'Jack', 'jack@gmail.com', '$2y$10$DvvWtYtnNi68M2PCvSv2VORdNxB019kL.9cEOwO/UMeokumieEHmm', NULL, '2018-09-14 05:24:05', '2018-09-14 05:24:05'),
(5, 'jill', 'jill@gmail.com', '$2y$10$WpNk3XKVSaq435cCIkB4m.zA8cMK8Qwb3PjgefSBK05z3hyVX04vu', NULL, '2018-09-14 05:26:17', '2018-09-14 05:26:17');

--
-- Triggers `users`
--
DELIMITER $$
CREATE TRIGGER `userCount` AFTER INSERT ON `users` FOR EACH ROW UPDATE _counter
SET count = COUNT + 1
WHERE id = 1
$$
DELIMITER ;

-- --------------------------------------------------------

--
-- Stand-in structure for view `viewsarestupid`
-- (See below for the actual view)
--
CREATE TABLE `viewsarestupid` (
`id` int(10) unsigned
,`url` varchar(191)
,`created_at` timestamp
,`updated_at` timestamp
);

-- --------------------------------------------------------

--
-- Stand-in structure for view `viewsarestupid2`
-- (See below for the actual view)
--
CREATE TABLE `viewsarestupid2` (
`id` int(10) unsigned
,`name` varchar(191)
,`url` varchar(191)
,`created_at` timestamp
,`updated_at` timestamp
);

-- --------------------------------------------------------

--
-- Table structure for table `_counter`
--

CREATE TABLE `_counter` (
  `id` int(10) UNSIGNED NOT NULL,
  `count` int(11) NOT NULL,
  `created_at` timestamp NULL DEFAULT CURRENT_TIMESTAMP,
  `updated_at` timestamp NULL DEFAULT CURRENT_TIMESTAMP
) ENGINE=InnoDB DEFAULT CHARSET=utf8mb4 COLLATE=utf8mb4_unicode_ci;

--
-- Dumping data for table `_counter`
--

INSERT INTO `_counter` (`id`, `count`, `created_at`, `updated_at`) VALUES
(1, 4, '2018-09-14 07:16:22', '2018-09-14 07:16:22');

-- --------------------------------------------------------

--
-- Structure for view `lastview`
--
DROP TABLE IF EXISTS `lastview`;

CREATE ALGORITHM=UNDEFINED DEFINER=`root`@`localhost` SQL SECURITY DEFINER VIEW `lastview`  AS  select `gallery`.`id` AS `id`,`gallery`.`url` AS `url`,`gallery`.`thumburl` AS `thumburl`,`gallery`.`created_at` AS `created_at`,`gallery`.`updated_at` AS `updated_at` from `gallery` ;

-- --------------------------------------------------------

--
-- Structure for view `viewsarestupid`
--
DROP TABLE IF EXISTS `viewsarestupid`;

CREATE ALGORITHM=UNDEFINED DEFINER=`root`@`localhost` SQL SECURITY DEFINER VIEW `viewsarestupid`  AS  select `about_img`.`id` AS `id`,`about_img`.`url` AS `url`,`about_img`.`created_at` AS `created_at`,`about_img`.`updated_at` AS `updated_at` from `about_img` ;

-- --------------------------------------------------------

--
-- Structure for view `viewsarestupid2`
--
DROP TABLE IF EXISTS `viewsarestupid2`;

CREATE ALGORITHM=UNDEFINED DEFINER=`root`@`localhost` SQL SECURITY DEFINER VIEW `viewsarestupid2`  AS  select `certificates`.`id` AS `id`,`certificates`.`name` AS `name`,`certificates`.`url` AS `url`,`certificates`.`created_at` AS `created_at`,`certificates`.`updated_at` AS `updated_at` from `certificates` ;

--
-- Indexes for dumped tables
--

--
-- Indexes for table `about_img`
--
ALTER TABLE `about_img`
  ADD PRIMARY KEY (`id`);

--
-- Indexes for table `catagories`
--
ALTER TABLE `catagories`
  ADD PRIMARY KEY (`id`);

--
-- Indexes for table `certificates`
--
ALTER TABLE `certificates`
  ADD PRIMARY KEY (`id`);

--
-- Indexes for table `gallery`
--
ALTER TABLE `gallery`
  ADD PRIMARY KEY (`id`);

--
-- Indexes for table `linker`
--
ALTER TABLE `linker`
  ADD PRIMARY KEY (`id`);

--
-- Indexes for table `migrations`
--
ALTER TABLE `migrations`
  ADD PRIMARY KEY (`id`);

--
-- Indexes for table `password_resets`
--
ALTER TABLE `password_resets`
  ADD KEY `password_resets_email_index` (`email`);

--
-- Indexes for table `products`
--
ALTER TABLE `products`
  ADD PRIMARY KEY (`id`);

--
-- Indexes for table `users`
--
ALTER TABLE `users`
  ADD PRIMARY KEY (`id`),
  ADD UNIQUE KEY `users_email_unique` (`email`);

--
-- Indexes for table `_counter`
--
ALTER TABLE `_counter`
  ADD PRIMARY KEY (`id`);

--
-- AUTO_INCREMENT for dumped tables
--

--
-- AUTO_INCREMENT for table `about_img`
--
ALTER TABLE `about_img`
  MODIFY `id` int(10) UNSIGNED NOT NULL AUTO_INCREMENT, AUTO_INCREMENT=3;

--
-- AUTO_INCREMENT for table `catagories`
--
ALTER TABLE `catagories`
  MODIFY `id` int(10) UNSIGNED NOT NULL AUTO_INCREMENT, AUTO_INCREMENT=53;

--
-- AUTO_INCREMENT for table `certificates`
--
ALTER TABLE `certificates`
  MODIFY `id` int(10) UNSIGNED NOT NULL AUTO_INCREMENT, AUTO_INCREMENT=35;

--
-- AUTO_INCREMENT for table `gallery`
--
ALTER TABLE `gallery`
  MODIFY `id` int(10) UNSIGNED NOT NULL AUTO_INCREMENT, AUTO_INCREMENT=10;

--
-- AUTO_INCREMENT for table `linker`
--
ALTER TABLE `linker`
  MODIFY `id` int(10) UNSIGNED NOT NULL AUTO_INCREMENT, AUTO_INCREMENT=479;

--
-- AUTO_INCREMENT for table `migrations`
--
ALTER TABLE `migrations`
  MODIFY `id` int(10) UNSIGNED NOT NULL AUTO_INCREMENT, AUTO_INCREMENT=22;

--
-- AUTO_INCREMENT for table `products`
--
ALTER TABLE `products`
  MODIFY `id` int(10) UNSIGNED NOT NULL AUTO_INCREMENT, AUTO_INCREMENT=112;

--
-- AUTO_INCREMENT for table `users`
--
ALTER TABLE `users`
  MODIFY `id` int(10) UNSIGNED NOT NULL AUTO_INCREMENT, AUTO_INCREMENT=6;

--
-- AUTO_INCREMENT for table `_counter`
--
ALTER TABLE `_counter`
  MODIFY `id` int(10) UNSIGNED NOT NULL AUTO_INCREMENT, AUTO_INCREMENT=2;
COMMIT;

/*!40101 SET CHARACTER_SET_CLIENT=@OLD_CHARACTER_SET_CLIENT */;
/*!40101 SET CHARACTER_SET_RESULTS=@OLD_CHARACTER_SET_RESULTS */;
/*!40101 SET COLLATION_CONNECTION=@OLD_COLLATION_CONNECTION */;
